text,label
Disappointed with the purchase. Quality is far below expectations. Very poor value.,0
I love this item. It arrived quickly and the packaging was secure. Highly satisfied.,1
Really bad quality. Instructions were unclear and it does not function. Would not recommend.,0
Best purchase in a long time. Highly recommend to everyone.,1
Misleading product listing. The real item is nothing like described. Defective right away.,0
Complete waste of money. I would not recommend this to anyone.,0
Very durable and well made. It looks even better in person.,1
Very poor quality control. The item fell apart on the first use. Complete waste of money.,0
Great value! Does exactly what the description says and more.,1
Not worth the money at all. I regret buying this product. Nothing worked correctly.,0
Best purchase in a long time. Highly recommend to everyone.,1
Misleading product listing. The real item is nothing like described. Instructions were useless.,0
Stopped working after one week. The build quality is very poor. Very disappointing overall.,0
Really impressed with how well this works. Excellent design. Works great from day one.,1
Great value! Does exactly what the description says and more. I love it.,1
Super easy to set up and use. Very satisfied with the results.,1
I love this item. It arrived quickly and the packaging was secure. Highly satisfied.,1
Best purchase in a long time. Highly recommend to everyone. Really exceeded my expectations.,1
I am extremely dissatisfied. This does not match the description at all. Poor customer support.,0
Very poor quality control. The item fell apart on the first use. Save your money.,0
Very durable and well made. It looks even better in person. Really exceeded my expectations.,1
Disappointed with the purchase. Quality is far below expectations.,0
Very poor quality control. The item fell apart on the first use. Very disappointing overall.,0
Very unhappy with this item. It stopped working after a single use. Save your money.,0
Very unhappy with this item. It stopped working after a single use. Instructions were useless.,0
This exceeded my expectations in every way. Will buy again. Highly satisfied.,1
This item is defective. I had to throw it away after one day. Terrible experience.,0
Very durable and well made. It looks even better in person. Really good value.,1
Perfect for what I needed. Great customer service too. Really good value.,1
I am very happy with this purchase. Works perfectly right out of the box. I would buy this again.,1
Super easy to set up and use. Very satisfied with the results.,1
Amazing product. The quality is top-notch and delivery was fast.,1
Excellent quality for the price. I would definitely recommend to a friend. Shipping was very fast.,1
Really impressed with how well this works. Excellent design. Easy to use and reliable.,1
Complete waste of money. I would not recommend this to anyone.,0
This exceeded my expectations in every way. Will buy again.,1
Misleading product listing. The real item is nothing like described. Never buying from this brand again.,0
Do not buy this. It is a complete scam and waste of your money.,0
Very cheap feeling materials. Arrived damaged and unusable.,0
Very durable and well made. It looks even better in person. Exactly as described.,1
Very durable and well made. It looks even better in person. Very happy with the result.,1
This item is defective. I had to throw it away after one day.,0
Really impressed with how well this works. Excellent design.,1
Highly recommend this product. It solved my problem immediately. Really good value.,1
Very poor quality control. The item fell apart on the first use. Poor customer support.,0
Five stars all the way. Best purchase I have made this year.,1
Good quality product and fast shipping. Very pleased overall. No complaints at all.,1
Excellent quality for the price. I would definitely recommend to a friend. No complaints at all.,1
Perfect for what I needed. Great customer service too.,1
Really bad quality. Instructions were unclear and it does not function.,0
Stopped working after one week. The build quality is very poor. Not as described.,0
Very durable and well made. It looks even better in person. Shipping was very fast.,1
Total junk. Nothing works as advertised. Extremely frustrated.,0
Really impressed with how well this works. Excellent design. Works as advertised.,1
Solid construction and comfortable to use. Worth every penny. I love it.,1
Do not buy this. It is a complete scam and waste of your money. Extremely frustrating experience.,0
Broke immediately. Packaging was terrible and product was already cracked. Felt cheaply made.,0
Complete waste of money. I would not recommend this to anyone.,0
This product broke after just two days. Very disappointing. Nothing worked correctly.,0
Really impressed with how well this works. Excellent design.,1
I am extremely dissatisfied. This does not match the description at all.,0
I love this item. It arrived quickly and the packaging was secure.,1
Terrible quality. Nothing like the pictures shown on the listing. Defective right away.,0
Stopped working after one week. The build quality is very poor.,0
I am extremely dissatisfied. This does not match the description at all. Would not recommend.,0
I am extremely dissatisfied. This does not match the description at all.,0
This product is absolutely fantastic and exceeded all my expectations. Very happy with the result.,1
This product broke after just two days. Very disappointing. Never buying from this brand again.,0
Very happy with this. It does everything I hoped it would. Exactly as described.,1
Broke immediately. Packaging was terrible and product was already cracked.,0
Very cheap feeling materials. Arrived damaged and unusable.,0
This exceeded my expectations in every way. Will buy again. Really good value.,1
Disappointed with the purchase. Quality is far below expectations. Broke too quickly.,0
Very unhappy with this item. It stopped working after a single use.,0
"Very happy with this. It does everything I hoped it would. Great product, great service.",1
Excellent quality for the price. I would definitely recommend to a friend. Easy to use and reliable.,1
Total junk. Nothing works as advertised. Extremely frustrated. Defective right away.,0
I am very happy with this purchase. Works perfectly right out of the box. I am impressed overall.,1
Best purchase in a long time. Highly recommend to everyone. I am impressed overall.,1
Disappointed with the purchase. Quality is far below expectations. Terrible experience.,0
Five stars all the way. Best purchase I have made this year.,1
This product is absolutely fantastic and exceeded all my expectations. Exactly as described.,1
Very poor quality control. The item fell apart on the first use. Never buying from this brand again.,0
Very poor quality control. The item fell apart on the first use.,0
I am extremely dissatisfied. This does not match the description at all. Felt cheaply made.,0
Awful product. Customer service was unhelpful when I tried to return it. Never buying from this brand again.,0
Awful product. Customer service was unhelpful when I tried to return it. Very poor value.,0
Five stars all the way. Best purchase I have made this year.,1
Very durable and well made. It looks even better in person.,1
Very cheap feeling materials. Arrived damaged and unusable. Felt cheaply made.,0
Very poor quality control. The item fell apart on the first use. Poor customer support.,0
Awful product. Customer service was unhelpful when I tried to return it.,0
Good quality product and fast shipping. Very pleased overall. I love it.,1
Really impressed with how well this works. Excellent design. Exactly as described.,1
Disappointed with the purchase. Quality is far below expectations.,0
Awful product. Customer service was unhelpful when I tried to return it.,0
Works exactly as advertised. I could not be happier with my order.,1
Zero stars if I could. Worst purchase I have ever made.,0
Awful product. Customer service was unhelpful when I tried to return it. Poor customer support.,0
Total junk. Nothing works as advertised. Extremely frustrated. Not as described.,0
This product is absolutely fantastic and exceeded all my expectations.,1
Best purchase in a long time. Highly recommend to everyone.,1
"Amazing product. The quality is top-notch and delivery was fast. Great product, great service.",1
Really bad quality. Instructions were unclear and it does not function. Instructions were useless.,0
Great value! Does exactly what the description says and more.,1
Good quality product and fast shipping. Very pleased overall.,1
"Great value! Does exactly what the description says and more. Great product, great service.",1
I love this item. It arrived quickly and the packaging was secure.,1
Amazing product. The quality is top-notch and delivery was fast.,1
Wonderful product. Easy to use and very effective. Shipping was very fast.,1
This exceeded my expectations in every way. Will buy again. Shipping was very fast.,1
This product broke after just two days. Very disappointing. Poor customer support.,0
Complete waste of money. I would not recommend this to anyone.,0
Very poor quality control. The item fell apart on the first use. Terrible experience.,0
This product is absolutely fantastic and exceeded all my expectations. Really exceeded my expectations.,1
Really impressed with how well this works. Excellent design.,1
Total junk. Nothing works as advertised. Extremely frustrated. Never buying from this brand again.,0
Amazing product. The quality is top-notch and delivery was fast. Really good value.,1
Works exactly as advertised. I could not be happier with my order.,1
Disappointed with the purchase. Quality is far below expectations. Defective right away.,0
I am extremely dissatisfied. This does not match the description at all. Save your money.,0
Stopped working after one week. The build quality is very poor. Very disappointing overall.,0
Poor design and weak materials. Do not waste your money on this. Complete waste of money.,0
Excellent quality for the price. I would definitely recommend to a friend. Works as advertised.,1
Works exactly as advertised. I could not be happier with my order.,1
Total junk. Nothing works as advertised. Extremely frustrated. Not as described.,0
Outstanding build quality. It has been working flawlessly for months. I would buy this again.,1
Best purchase in a long time. Highly recommend to everyone.,1
Really bad quality. Instructions were unclear and it does not function.,0
Wonderful product. Easy to use and very effective.,1
Very poor quality control. The item fell apart on the first use.,0
Returned immediately. The product is defective right out of the box. Instructions were useless.,0
I am very happy with this purchase. Works perfectly right out of the box.,1
Very happy with this. It does everything I hoped it would. Easy to use and reliable.,1
Good quality product and fast shipping. Very pleased overall. Highly satisfied.,1
Terrible quality. Nothing like the pictures shown on the listing.,0
Poor design and weak materials. Do not waste your money on this. Terrible experience.,0
Total junk. Nothing works as advertised. Extremely frustrated.,0
Not worth the money at all. I regret buying this product.,0
Misleading product listing. The real item is nothing like described. Complete waste of money.,0
Broke immediately. Packaging was terrible and product was already cracked. Save your money.,0
This exceeded my expectations in every way. Will buy again. I would buy this again.,1
Poor design and weak materials. Do not waste your money on this.,0
This exceeded my expectations in every way. Will buy again. Works as advertised.,1
Really bad quality. Instructions were unclear and it does not function.,0
Best purchase in a long time. Highly recommend to everyone.,1
Great value! Does exactly what the description says and more.,1
This product broke after just two days. Very disappointing.,0
Works exactly as advertised. I could not be happier with my order.,1
Very happy with this. It does everything I hoped it would.,1
Really bad quality. Instructions were unclear and it does not function. Broke too quickly.,0
Excellent quality for the price. I would definitely recommend to a friend.,1
Very durable and well made. It looks even better in person. I am impressed overall.,1
Very unhappy with this item. It stopped working after a single use. Felt cheaply made.,0
Highly recommend this product. It solved my problem immediately.,1
Highly recommend this product. It solved my problem immediately. Works great from day one.,1
Great value! Does exactly what the description says and more.,1
Zero stars if I could. Worst purchase I have ever made. Felt cheaply made.,0
Works exactly as advertised. I could not be happier with my order. Shipping was very fast.,1
Disappointed with the purchase. Quality is far below expectations. Defective right away.,0
"Best purchase in a long time. Highly recommend to everyone. Great product, great service.",1
Excellent quality for the price. I would definitely recommend to a friend. Very happy with the result.,1
Excellent quality for the price. I would definitely recommend to a friend. Really exceeded my expectations.,1
Stopped working after one week. The build quality is very poor. Felt cheaply made.,0
Terrible quality. Nothing like the pictures shown on the listing.,0
Stopped working after one week. The build quality is very poor. Never buying from this brand again.,0
Awful product. Customer service was unhelpful when I tried to return it.,0
I am extremely dissatisfied. This does not match the description at all. Not as described.,0
Best purchase in a long time. Highly recommend to everyone. The quality surprised me.,1
Broke immediately. Packaging was terrible and product was already cracked. Save your money.,0
Complete waste of money. I would not recommend this to anyone. Would not recommend.,0
This exceeded my expectations in every way. Will buy again.,1
Awful product. Customer service was unhelpful when I tried to return it.,0
Stopped working after one week. The build quality is very poor.,0
Great value! Does exactly what the description says and more. Easy to use and reliable.,1
Really bad quality. Instructions were unclear and it does not function.,0
I am very happy with this purchase. Works perfectly right out of the box. Exactly as described.,1
Stopped working after one week. The build quality is very poor.,0
Works exactly as advertised. I could not be happier with my order. Highly satisfied.,1
Returned immediately. The product is defective right out of the box.,0
Very poor quality control. The item fell apart on the first use.,0
Highly recommend this product. It solved my problem immediately.,1
This item is defective. I had to throw it away after one day.,0
Total junk. Nothing works as advertised. Extremely frustrated. Poor customer support.,0
This product is absolutely fantastic and exceeded all my expectations. Works great from day one.,1
This exceeded my expectations in every way. Will buy again.,1
Zero stars if I could. Worst purchase I have ever made.,0
I am extremely dissatisfied. This does not match the description at all. Instructions were useless.,0
Terrible quality. Nothing like the pictures shown on the listing.,0
Complete waste of money. I would not recommend this to anyone.,0
Amazing product. The quality is top-notch and delivery was fast. Works as advertised.,1
Solid construction and comfortable to use. Worth every penny. No complaints at all.,1
Misleading product listing. The real item is nothing like described. Never buying from this brand again.,0
Super easy to set up and use. Very satisfied with the results. Works great from day one.,1
Works exactly as advertised. I could not be happier with my order. Easy to use and reliable.,1
This exceeded my expectations in every way. Will buy again.,1
Very unhappy with this item. It stopped working after a single use. Felt cheaply made.,0
I love this item. It arrived quickly and the packaging was secure.,1
Really impressed with how well this works. Excellent design.,1
Stopped working after one week. The build quality is very poor.,0
This item is defective. I had to throw it away after one day.,0
Really impressed with how well this works. Excellent design. Shipping was very fast.,1
Solid construction and comfortable to use. Worth every penny. I love it.,1
Highly recommend this product. It solved my problem immediately.,1
Wonderful product. Easy to use and very effective.,1
Perfect for what I needed. Great customer service too. Really exceeded my expectations.,1
Very poor quality control. The item fell apart on the first use. Very poor value.,0
This product broke after just two days. Very disappointing.,0
Broke immediately. Packaging was terrible and product was already cracked. Nothing worked correctly.,0
Very durable and well made. It looks even better in person. Really good value.,1
This item is defective. I had to throw it away after one day.,0
Excellent quality for the price. I would definitely recommend to a friend.,1
Super easy to set up and use. Very satisfied with the results. Exactly as described.,1
This exceeded my expectations in every way. Will buy again. Really exceeded my expectations.,1
Very durable and well made. It looks even better in person. Highly satisfied.,1
Zero stars if I could. Worst purchase I have ever made. Nothing worked correctly.,0
Stopped working after one week. The build quality is very poor. Would not recommend.,0
Really impressed with how well this works. Excellent design. Easy to use and reliable.,1
Really impressed with how well this works. Excellent design.,1
I am extremely dissatisfied. This does not match the description at all. Very disappointing overall.,0
Super easy to set up and use. Very satisfied with the results.,1
Really impressed with how well this works. Excellent design.,1
Really impressed with how well this works. Excellent design. Exactly as described.,1
Very unhappy with this item. It stopped working after a single use.,0
Very unhappy with this item. It stopped working after a single use. Would not recommend.,0
Very poor quality control. The item fell apart on the first use.,0
Amazing product. The quality is top-notch and delivery was fast.,1
Best purchase in a long time. Highly recommend to everyone.,1
Zero stars if I could. Worst purchase I have ever made. Very poor value.,0
This exceeded my expectations in every way. Will buy again. I love it.,1
Poor design and weak materials. Do not waste your money on this.,0
Perfect for what I needed. Great customer service too.,1
Disappointed with the purchase. Quality is far below expectations.,0
Really bad quality. Instructions were unclear and it does not function. Would not recommend.,0
Total junk. Nothing works as advertised. Extremely frustrated. Terrible experience.,0
Very happy with this. It does everything I hoped it would. I would buy this again.,1
Stopped working after one week. The build quality is very poor. Terrible experience.,0
Wonderful product. Easy to use and very effective.,1
Total junk. Nothing works as advertised. Extremely frustrated. Very disappointing overall.,0
Wonderful product. Easy to use and very effective. I am impressed overall.,1
Great value! Does exactly what the description says and more. I love it.,1
Misleading product listing. The real item is nothing like described. Terrible experience.,0
This product is absolutely fantastic and exceeded all my expectations. No complaints at all.,1
Excellent quality for the price. I would definitely recommend to a friend.,1
Very cheap feeling materials. Arrived damaged and unusable.,0
Highly recommend this product. It solved my problem immediately. Highly satisfied.,1
Best purchase in a long time. Highly recommend to everyone.,1
I am extremely dissatisfied. This does not match the description at all. Instructions were useless.,0
Very happy with this. It does everything I hoped it would. Highly satisfied.,1
Stopped working after one week. The build quality is very poor. Not as described.,0
Misleading product listing. The real item is nothing like described. Felt cheaply made.,0
Very happy with this. It does everything I hoped it would. Very happy with the result.,1
I am extremely dissatisfied. This does not match the description at all.,0
This exceeded my expectations in every way. Will buy again. I am impressed overall.,1
Not worth the money at all. I regret buying this product. Would not recommend.,0
Misleading product listing. The real item is nothing like described. Felt cheaply made.,0
Amazing product. The quality is top-notch and delivery was fast.,1
Works exactly as advertised. I could not be happier with my order.,1
Really bad quality. Instructions were unclear and it does not function. Extremely frustrating experience.,0
Very cheap feeling materials. Arrived damaged and unusable. Extremely frustrating experience.,0
Excellent quality for the price. I would definitely recommend to a friend. Works great from day one.,1
Very unhappy with this item. It stopped working after a single use. Not as described.,0
Very happy with this. It does everything I hoped it would.,1
This item is defective. I had to throw it away after one day. Felt cheaply made.,0
Stopped working after one week. The build quality is very poor.,0
Returned immediately. The product is defective right out of the box. Save your money.,0
Really impressed with how well this works. Excellent design. Really good value.,1
Highly recommend this product. It solved my problem immediately. No complaints at all.,1
Super easy to set up and use. Very satisfied with the results. Highly satisfied.,1
This product broke after just two days. Very disappointing. Extremely frustrating experience.,0
Stopped working after one week. The build quality is very poor.,0
Returned immediately. The product is defective right out of the box. Poor customer support.,0
Very durable and well made. It looks even better in person. Shipping was very fast.,1
This item is defective. I had to throw it away after one day.,0
I am extremely dissatisfied. This does not match the description at all.,0
Do not buy this. It is a complete scam and waste of your money. Very disappointing overall.,0
Great value! Does exactly what the description says and more.,1
Really impressed with how well this works. Excellent design.,1
Returned immediately. The product is defective right out of the box.,0
Works exactly as advertised. I could not be happier with my order.,1
Not worth the money at all. I regret buying this product. Would not recommend.,0
Disappointed with the purchase. Quality is far below expectations. Very poor value.,0
This exceeded my expectations in every way. Will buy again. I am impressed overall.,1
Total junk. Nothing works as advertised. Extremely frustrated. Defective right away.,0
Really bad quality. Instructions were unclear and it does not function.,0
Outstanding build quality. It has been working flawlessly for months.,1
Good quality product and fast shipping. Very pleased overall. Shipping was very fast.,1
Broke immediately. Packaging was terrible and product was already cracked. Complete waste of money.,0
Excellent quality for the price. I would definitely recommend to a friend. Exactly as described.,1
Excellent quality for the price. I would definitely recommend to a friend.,1
This product broke after just two days. Very disappointing.,0
Stopped working after one week. The build quality is very poor. Extremely frustrating experience.,0
Poor design and weak materials. Do not waste your money on this. Instructions were useless.,0
Poor design and weak materials. Do not waste your money on this. Poor customer support.,0
Best purchase in a long time. Highly recommend to everyone.,1
Perfect for what I needed. Great customer service too. Very happy with the result.,1
Good quality product and fast shipping. Very pleased overall. No complaints at all.,1
Broke immediately. Packaging was terrible and product was already cracked.,0
Broke immediately. Packaging was terrible and product was already cracked.,0
Really impressed with how well this works. Excellent design. Easy to use and reliable.,1
Very happy with this. It does everything I hoped it would.,1
I am very happy with this purchase. Works perfectly right out of the box. I love it.,1
Returned immediately. The product is defective right out of the box. Nothing worked correctly.,0
Awful product. Customer service was unhelpful when I tried to return it. Nothing worked correctly.,0
Good quality product and fast shipping. Very pleased overall. I am impressed overall.,1
Do not buy this. It is a complete scam and waste of your money. Complete waste of money.,0
Awful product. Customer service was unhelpful when I tried to return it.,0
Zero stars if I could. Worst purchase I have ever made.,0
Solid construction and comfortable to use. Worth every penny. I would buy this again.,1
Works exactly as advertised. I could not be happier with my order. Shipping was very fast.,1
Returned immediately. The product is defective right out of the box. Instructions were useless.,0
Poor design and weak materials. Do not waste your money on this. Poor customer support.,0
Not worth the money at all. I regret buying this product.,0
"Super easy to set up and use. Very satisfied with the results. Great product, great service.",1
Not worth the money at all. I regret buying this product.,0
Outstanding build quality. It has been working flawlessly for months. Really good value.,1
Poor design and weak materials. Do not waste your money on this.,0
Stopped working after one week. The build quality is very poor. Very poor value.,0
Total junk. Nothing works as advertised. Extremely frustrated. Instructions were useless.,0
Do not buy this. It is a complete scam and waste of your money. Nothing worked correctly.,0
Perfect for what I needed. Great customer service too. Very happy with the result.,1
Returned immediately. The product is defective right out of the box.,0
I am very happy with this purchase. Works perfectly right out of the box. Easy to use and reliable.,1
Great value! Does exactly what the description says and more.,1
Really impressed with how well this works. Excellent design. No complaints at all.,1
Amazing product. The quality is top-notch and delivery was fast. I would buy this again.,1
Really bad quality. Instructions were unclear and it does not function.,0
"Amazing product. The quality is top-notch and delivery was fast. Great product, great service.",1
Really bad quality. Instructions were unclear and it does not function.,0
Very happy with this. It does everything I hoped it would. I am impressed overall.,1
I am very happy with this purchase. Works perfectly right out of the box. Very happy with the result.,1
Wonderful product. Easy to use and very effective. Really exceeded my expectations.,1
Disappointed with the purchase. Quality is far below expectations. Broke too quickly.,0
Very durable and well made. It looks even better in person.,1
Wonderful product. Easy to use and very effective. Shipping was very fast.,1
Terrible quality. Nothing like the pictures shown on the listing.,0
I love this item. It arrived quickly and the packaging was secure. I would buy this again.,1
This product is absolutely fantastic and exceeded all my expectations. I am impressed overall.,1
Broke immediately. Packaging was terrible and product was already cracked. Complete waste of money.,0
Very cheap feeling materials. Arrived damaged and unusable.,0
Disappointed with the purchase. Quality is far below expectations. Instructions were useless.,0
I love this item. It arrived quickly and the packaging was secure. Highly satisfied.,1
Very cheap feeling materials. Arrived damaged and unusable. Complete waste of money.,0
Very durable and well made. It looks even better in person.,1
I am very happy with this purchase. Works perfectly right out of the box. Works as advertised.,1
Awful product. Customer service was unhelpful when I tried to return it. Poor customer support.,0
Really impressed with how well this works. Excellent design.,1
Poor design and weak materials. Do not waste your money on this. Not as described.,0
Terrible quality. Nothing like the pictures shown on the listing. Would not recommend.,0
Really impressed with how well this works. Excellent design. Highly satisfied.,1
Five stars all the way. Best purchase I have made this year. Shipping was very fast.,1
Super easy to set up and use. Very satisfied with the results.,1
Very cheap feeling materials. Arrived damaged and unusable. Not as described.,0
Very poor quality control. The item fell apart on the first use. Broke too quickly.,0
Excellent quality for the price. I would definitely recommend to a friend.,1
I am very happy with this purchase. Works perfectly right out of the box. Very happy with the result.,1
Total junk. Nothing works as advertised. Extremely frustrated. Extremely frustrating experience.,0
Total junk. Nothing works as advertised. Extremely frustrated. Nothing worked correctly.,0
Do not buy this. It is a complete scam and waste of your money.,0
Stopped working after one week. The build quality is very poor. Very poor value.,0
Super easy to set up and use. Very satisfied with the results. The quality surprised me.,1
Five stars all the way. Best purchase I have made this year. No complaints at all.,1
Very durable and well made. It looks even better in person. Shipping was very fast.,1
Super easy to set up and use. Very satisfied with the results.,1
Wonderful product. Easy to use and very effective. Works great from day one.,1
Outstanding build quality. It has been working flawlessly for months.,1
Returned immediately. The product is defective right out of the box.,0
Highly recommend this product. It solved my problem immediately.,1
Not worth the money at all. I regret buying this product. Never buying from this brand again.,0
Very durable and well made. It looks even better in person. Really exceeded my expectations.,1
Total junk. Nothing works as advertised. Extremely frustrated.,0
Very unhappy with this item. It stopped working after a single use.,0
Wonderful product. Easy to use and very effective. I am impressed overall.,1
Disappointed with the purchase. Quality is far below expectations. Very poor value.,0
Returned immediately. The product is defective right out of the box. Very disappointing overall.,0
Awful product. Customer service was unhelpful when I tried to return it. Broke too quickly.,0
Wonderful product. Easy to use and very effective.,1
Broke immediately. Packaging was terrible and product was already cracked. Poor customer support.,0
Misleading product listing. The real item is nothing like described.,0
Very poor quality control. The item fell apart on the first use. Felt cheaply made.,0
Very unhappy with this item. It stopped working after a single use. Felt cheaply made.,0
Five stars all the way. Best purchase I have made this year.,1
Very durable and well made. It looks even better in person.,1
Very unhappy with this item. It stopped working after a single use.,0
Complete waste of money. I would not recommend this to anyone.,0
Really impressed with how well this works. Excellent design. Really good value.,1
Best purchase in a long time. Highly recommend to everyone. No complaints at all.,1
Do not buy this. It is a complete scam and waste of your money. Would not recommend.,0
Excellent quality for the price. I would definitely recommend to a friend. Easy to use and reliable.,1
Disappointed with the purchase. Quality is far below expectations. Instructions were useless.,0
Misleading product listing. The real item is nothing like described.,0
Terrible quality. Nothing like the pictures shown on the listing.,0
Perfect for what I needed. Great customer service too.,1
Good quality product and fast shipping. Very pleased overall. I am impressed overall.,1
Amazing product. The quality is top-notch and delivery was fast.,1
Good quality product and fast shipping. Very pleased overall.,1
Broke immediately. Packaging was terrible and product was already cracked. Would not recommend.,0
Broke immediately. Packaging was terrible and product was already cracked. Never buying from this brand again.,0
Super easy to set up and use. Very satisfied with the results. Works as advertised.,1
"Very durable and well made. It looks even better in person. Great product, great service.",1
Works exactly as advertised. I could not be happier with my order.,1
I love this item. It arrived quickly and the packaging was secure. Easy to use and reliable.,1
Good quality product and fast shipping. Very pleased overall. Really good value.,1
Perfect for what I needed. Great customer service too. The quality surprised me.,1
This exceeded my expectations in every way. Will buy again.,1
Total junk. Nothing works as advertised. Extremely frustrated. Broke too quickly.,0
Zero stars if I could. Worst purchase I have ever made.,0
Really impressed with how well this works. Excellent design. Really exceeded my expectations.,1
Disappointed with the purchase. Quality is far below expectations. Defective right away.,0
Misleading product listing. The real item is nothing like described. Would not recommend.,0
"Amazing product. The quality is top-notch and delivery was fast. Great product, great service.",1
Really impressed with how well this works. Excellent design. Works as advertised.,1
This product broke after just two days. Very disappointing. Very disappointing overall.,0
Solid construction and comfortable to use. Worth every penny. Easy to use and reliable.,1
Very durable and well made. It looks even better in person. No complaints at all.,1
Not worth the money at all. I regret buying this product.,0
Perfect for what I needed. Great customer service too. Highly satisfied.,1
Highly recommend this product. It solved my problem immediately.,1
Very happy with this. It does everything I hoped it would. Highly satisfied.,1
Broke immediately. Packaging was terrible and product was already cracked. Felt cheaply made.,0
Outstanding build quality. It has been working flawlessly for months.,1
Super easy to set up and use. Very satisfied with the results.,1
Broke immediately. Packaging was terrible and product was already cracked. Felt cheaply made.,0
Very happy with this. It does everything I hoped it would.,1
Terrible quality. Nothing like the pictures shown on the listing. Would not recommend.,0
Zero stars if I could. Worst purchase I have ever made. Never buying from this brand again.,0
Very unhappy with this item. It stopped working after a single use.,0
Returned immediately. The product is defective right out of the box. Would not recommend.,0
Poor design and weak materials. Do not waste your money on this.,0
Do not buy this. It is a complete scam and waste of your money. Instructions were useless.,0
Five stars all the way. Best purchase I have made this year.,1
Awful product. Customer service was unhelpful when I tried to return it. Terrible experience.,0
Total junk. Nothing works as advertised. Extremely frustrated. Terrible experience.,0
Good quality product and fast shipping. Very pleased overall. Exactly as described.,1
Returned immediately. The product is defective right out of the box. Felt cheaply made.,0
Total junk. Nothing works as advertised. Extremely frustrated. Never buying from this brand again.,0
Returned immediately. The product is defective right out of the box. Complete waste of money.,0
Solid construction and comfortable to use. Worth every penny. Really exceeded my expectations.,1
Highly recommend this product. It solved my problem immediately. Highly satisfied.,1
Very poor quality control. The item fell apart on the first use.,0
Wonderful product. Easy to use and very effective. Works as advertised.,1
"Wonderful product. Easy to use and very effective. Great product, great service.",1
Complete waste of money. I would not recommend this to anyone. Very poor value.,0
Works exactly as advertised. I could not be happier with my order.,1
Poor design and weak materials. Do not waste your money on this. Felt cheaply made.,0
Highly recommend this product. It solved my problem immediately. Exactly as described.,1
Super easy to set up and use. Very satisfied with the results. The quality surprised me.,1
Complete waste of money. I would not recommend this to anyone. Save your money.,0
I love this item. It arrived quickly and the packaging was secure.,1
Disappointed with the purchase. Quality is far below expectations. Defective right away.,0
Best purchase in a long time. Highly recommend to everyone. Shipping was very fast.,1
Not worth the money at all. I regret buying this product. Poor customer support.,0
Outstanding build quality. It has been working flawlessly for months.,1
Terrible quality. Nothing like the pictures shown on the listing. Felt cheaply made.,0
Total junk. Nothing works as advertised. Extremely frustrated. Never buying from this brand again.,0
Awful product. Customer service was unhelpful when I tried to return it.,0
Highly recommend this product. It solved my problem immediately. Very happy with the result.,1
Not worth the money at all. I regret buying this product. Broke too quickly.,0
Zero stars if I could. Worst purchase I have ever made.,0
"Very happy with this. It does everything I hoped it would. Great product, great service.",1
Very durable and well made. It looks even better in person. Really exceeded my expectations.,1
Great value! Does exactly what the description says and more.,1
Best purchase in a long time. Highly recommend to everyone.,1
Very poor quality control. The item fell apart on the first use. Felt cheaply made.,0
I am very happy with this purchase. Works perfectly right out of the box. Highly satisfied.,1
Highly recommend this product. It solved my problem immediately.,1
"Amazing product. The quality is top-notch and delivery was fast. Great product, great service.",1
Perfect for what I needed. Great customer service too.,1
Solid construction and comfortable to use. Worth every penny. Shipping was very fast.,1
Very happy with this. It does everything I hoped it would. Exactly as described.,1
Highly recommend this product. It solved my problem immediately.,1
This exceeded my expectations in every way. Will buy again. I love it.,1
Wonderful product. Easy to use and very effective.,1
Disappointed with the purchase. Quality is far below expectations. Broke too quickly.,0
Returned immediately. The product is defective right out of the box.,0
"Wonderful product. Easy to use and very effective. Great product, great service.",1
Really impressed with how well this works. Excellent design.,1
Wonderful product. Easy to use and very effective.,1
This exceeded my expectations in every way. Will buy again. Highly satisfied.,1
Do not buy this. It is a complete scam and waste of your money.,0
This item is defective. I had to throw it away after one day. Nothing worked correctly.,0
Poor design and weak materials. Do not waste your money on this. Extremely frustrating experience.,0
Wonderful product. Easy to use and very effective. The quality surprised me.,1
I love this item. It arrived quickly and the packaging was secure. Shipping was very fast.,1
Poor design and weak materials. Do not waste your money on this.,0
Very poor quality control. The item fell apart on the first use.,0
Perfect for what I needed. Great customer service too. Works great from day one.,1
I am very happy with this purchase. Works perfectly right out of the box. Works as advertised.,1
I am very happy with this purchase. Works perfectly right out of the box. I would buy this again.,1
Very happy with this. It does everything I hoped it would. Really exceeded my expectations.,1
Zero stars if I could. Worst purchase I have ever made.,0
This exceeded my expectations in every way. Will buy again.,1
Misleading product listing. The real item is nothing like described.,0
Best purchase in a long time. Highly recommend to everyone. I love it.,1
I love this item. It arrived quickly and the packaging was secure. Exactly as described.,1
"Wonderful product. Easy to use and very effective. Great product, great service.",1
Stopped working after one week. The build quality is very poor. Nothing worked correctly.,0
Amazing product. The quality is top-notch and delivery was fast.,1
I am extremely dissatisfied. This does not match the description at all. Extremely frustrating experience.,0
Very durable and well made. It looks even better in person.,1
Stopped working after one week. The build quality is very poor. Save your money.,0
Good quality product and fast shipping. Very pleased overall. Easy to use and reliable.,1
I love this item. It arrived quickly and the packaging was secure.,1
Complete waste of money. I would not recommend this to anyone.,0
Stopped working after one week. The build quality is very poor. Very disappointing overall.,0
Awful product. Customer service was unhelpful when I tried to return it.,0
Awful product. Customer service was unhelpful when I tried to return it. Extremely frustrating experience.,0
Perfect for what I needed. Great customer service too.,1
Broke immediately. Packaging was terrible and product was already cracked. Terrible experience.,0
Returned immediately. The product is defective right out of the box. Felt cheaply made.,0
Works exactly as advertised. I could not be happier with my order. No complaints at all.,1
Best purchase in a long time. Highly recommend to everyone. Highly satisfied.,1
Excellent quality for the price. I would definitely recommend to a friend.,1
This item is defective. I had to throw it away after one day.,0
Broke immediately. Packaging was terrible and product was already cracked. Instructions were useless.,0
This product broke after just two days. Very disappointing. Never buying from this brand again.,0
Super easy to set up and use. Very satisfied with the results. Highly satisfied.,1
Best purchase in a long time. Highly recommend to everyone.,1
Total junk. Nothing works as advertised. Extremely frustrated.,0
Total junk. Nothing works as advertised. Extremely frustrated. Very disappointing overall.,0
This product broke after just two days. Very disappointing. Broke too quickly.,0
Amazing product. The quality is top-notch and delivery was fast. Works great from day one.,1
Broke immediately. Packaging was terrible and product was already cracked. Very disappointing overall.,0
Five stars all the way. Best purchase I have made this year.,1
Very durable and well made. It looks even better in person. No complaints at all.,1
Really impressed with how well this works. Excellent design.,1
Very durable and well made. It looks even better in person.,1
Excellent quality for the price. I would definitely recommend to a friend. Works as advertised.,1
Really impressed with how well this works. Excellent design. I am impressed overall.,1
Awful product. Customer service was unhelpful when I tried to return it.,0
Very unhappy with this item. It stopped working after a single use. Very disappointing overall.,0
Broke immediately. Packaging was terrible and product was already cracked.,0
This exceeded my expectations in every way. Will buy again. I love it.,1
Great value! Does exactly what the description says and more.,1
This exceeded my expectations in every way. Will buy again.,1
Not worth the money at all. I regret buying this product. Very poor value.,0
I am extremely dissatisfied. This does not match the description at all. Instructions were useless.,0
Five stars all the way. Best purchase I have made this year. I would buy this again.,1
Amazing product. The quality is top-notch and delivery was fast.,1
Total junk. Nothing works as advertised. Extremely frustrated.,0
Perfect for what I needed. Great customer service too. I am impressed overall.,1
Broke immediately. Packaging was terrible and product was already cracked. Nothing worked correctly.,0
Very unhappy with this item. It stopped working after a single use.,0
Disappointed with the purchase. Quality is far below expectations. Very poor value.,0
This product broke after just two days. Very disappointing.,0
"Wonderful product. Easy to use and very effective. Great product, great service.",1
Excellent quality for the price. I would definitely recommend to a friend. Works great from day one.,1
This item is defective. I had to throw it away after one day.,0
Stopped working after one week. The build quality is very poor. Complete waste of money.,0
Very unhappy with this item. It stopped working after a single use. Felt cheaply made.,0
"Very durable and well made. It looks even better in person. Great product, great service.",1
Solid construction and comfortable to use. Worth every penny. Easy to use and reliable.,1
"Very happy with this. It does everything I hoped it would. Great product, great service.",1
Very cheap feeling materials. Arrived damaged and unusable. Save your money.,0
Really impressed with how well this works. Excellent design. Works great from day one.,1
Really bad quality. Instructions were unclear and it does not function.,0
Very unhappy with this item. It stopped working after a single use.,0
Very poor quality control. The item fell apart on the first use. Poor customer support.,0
Good quality product and fast shipping. Very pleased overall. No complaints at all.,1
Disappointed with the purchase. Quality is far below expectations. Terrible experience.,0
I am very happy with this purchase. Works perfectly right out of the box.,1
Broke immediately. Packaging was terrible and product was already cracked. Very disappointing overall.,0
Amazing product. The quality is top-notch and delivery was fast. I am impressed overall.,1
This product is absolutely fantastic and exceeded all my expectations. Really exceeded my expectations.,1
Really impressed with how well this works. Excellent design. The quality surprised me.,1
This item is defective. I had to throw it away after one day. Instructions were useless.,0
Terrible quality. Nothing like the pictures shown on the listing. Instructions were useless.,0
I am very happy with this purchase. Works perfectly right out of the box. The quality surprised me.,1
Broke immediately. Packaging was terrible and product was already cracked. Nothing worked correctly.,0
This exceeded my expectations in every way. Will buy again. I am impressed overall.,1
Returned immediately. The product is defective right out of the box. Defective right away.,0
Not worth the money at all. I regret buying this product. Very disappointing overall.,0
Misleading product listing. The real item is nothing like described.,0
Disappointed with the purchase. Quality is far below expectations.,0
I am very happy with this purchase. Works perfectly right out of the box.,1
Complete waste of money. I would not recommend this to anyone. Broke too quickly.,0
Perfect for what I needed. Great customer service too.,1
Returned immediately. The product is defective right out of the box. Poor customer support.,0
Total junk. Nothing works as advertised. Extremely frustrated.,0
Do not buy this. It is a complete scam and waste of your money. Very poor value.,0
Stopped working after one week. The build quality is very poor. Nothing worked correctly.,0
Poor design and weak materials. Do not waste your money on this. Instructions were useless.,0
I am extremely dissatisfied. This does not match the description at all. Instructions were useless.,0
Very happy with this. It does everything I hoped it would.,1
Best purchase in a long time. Highly recommend to everyone. Works great from day one.,1
Amazing product. The quality is top-notch and delivery was fast.,1
I am extremely dissatisfied. This does not match the description at all. Terrible experience.,0
This product broke after just two days. Very disappointing.,0
Perfect for what I needed. Great customer service too. Exactly as described.,1
This product is absolutely fantastic and exceeded all my expectations.,1
This product broke after just two days. Very disappointing.,0
Very durable and well made. It looks even better in person. Exactly as described.,1
This item is defective. I had to throw it away after one day. Complete waste of money.,0
Returned immediately. The product is defective right out of the box. Would not recommend.,0
Awful product. Customer service was unhelpful when I tried to return it. Poor customer support.,0
Outstanding build quality. It has been working flawlessly for months. No complaints at all.,1
Poor design and weak materials. Do not waste your money on this.,0
Very unhappy with this item. It stopped working after a single use. Felt cheaply made.,0
Wonderful product. Easy to use and very effective.,1
I love this item. It arrived quickly and the packaging was secure.,1
Five stars all the way. Best purchase I have made this year. No complaints at all.,1
Great value! Does exactly what the description says and more. The quality surprised me.,1
I love this item. It arrived quickly and the packaging was secure. No complaints at all.,1
Not worth the money at all. I regret buying this product. Would not recommend.,0
Zero stars if I could. Worst purchase I have ever made.,0
Returned immediately. The product is defective right out of the box.,0
Broke immediately. Packaging was terrible and product was already cracked. Instructions were useless.,0
Poor design and weak materials. Do not waste your money on this. Complete waste of money.,0
Super easy to set up and use. Very satisfied with the results.,1
Awful product. Customer service was unhelpful when I tried to return it. Terrible experience.,0
Zero stars if I could. Worst purchase I have ever made. Never buying from this brand again.,0
Excellent quality for the price. I would definitely recommend to a friend. The quality surprised me.,1
Works exactly as advertised. I could not be happier with my order. I love it.,1
Total junk. Nothing works as advertised. Extremely frustrated. Broke too quickly.,0
Very unhappy with this item. It stopped working after a single use. Felt cheaply made.,0
Misleading product listing. The real item is nothing like described. Instructions were useless.,0
Awful product. Customer service was unhelpful when I tried to return it. Very disappointing overall.,0
Poor design and weak materials. Do not waste your money on this.,0
Very happy with this. It does everything I hoped it would. I love it.,1
Solid construction and comfortable to use. Worth every penny. Shipping was very fast.,1
This item is defective. I had to throw it away after one day. Extremely frustrating experience.,0
This item is defective. I had to throw it away after one day. Defective right away.,0
Very durable and well made. It looks even better in person.,1
Works exactly as advertised. I could not be happier with my order. Really exceeded my expectations.,1
Misleading product listing. The real item is nothing like described. Terrible experience.,0
Broke immediately. Packaging was terrible and product was already cracked.,0
Stopped working after one week. The build quality is very poor.,0
Very unhappy with this item. It stopped working after a single use.,0
Solid construction and comfortable to use. Worth every penny. Highly satisfied.,1
Really bad quality. Instructions were unclear and it does not function. Felt cheaply made.,0
Super easy to set up and use. Very satisfied with the results.,1
Stopped working after one week. The build quality is very poor. Very disappointing overall.,0
This product is absolutely fantastic and exceeded all my expectations.,1
Do not buy this. It is a complete scam and waste of your money. Very poor value.,0
Wonderful product. Easy to use and very effective. I love it.,1
Amazing product. The quality is top-notch and delivery was fast. Easy to use and reliable.,1
Misleading product listing. The real item is nothing like described. Complete waste of money.,0
Broke immediately. Packaging was terrible and product was already cracked.,0
Best purchase in a long time. Highly recommend to everyone. Works as advertised.,1
Disappointed with the purchase. Quality is far below expectations. Felt cheaply made.,0
Complete waste of money. I would not recommend this to anyone.,0
Wonderful product. Easy to use and very effective. I would buy this again.,1
Amazing product. The quality is top-notch and delivery was fast.,1
Very unhappy with this item. It stopped working after a single use. Would not recommend.,0
I am extremely dissatisfied. This does not match the description at all.,0
Really bad quality. Instructions were unclear and it does not function. Complete waste of money.,0
Great value! Does exactly what the description says and more.,1
Very happy with this. It does everything I hoped it would. Really good value.,1
Not worth the money at all. I regret buying this product. Complete waste of money.,0
Returned immediately. The product is defective right out of the box.,0
Disappointed with the purchase. Quality is far below expectations. Very poor value.,0
Broke immediately. Packaging was terrible and product was already cracked. Very disappointing overall.,0
This item is defective. I had to throw it away after one day. Poor customer support.,0
Stopped working after one week. The build quality is very poor. Would not recommend.,0
Very poor quality control. The item fell apart on the first use. Felt cheaply made.,0
Amazing product. The quality is top-notch and delivery was fast. I love it.,1
Disappointed with the purchase. Quality is far below expectations. Never buying from this brand again.,0
This product broke after just two days. Very disappointing. Extremely frustrating experience.,0
Solid construction and comfortable to use. Worth every penny.,1
This exceeded my expectations in every way. Will buy again. Highly satisfied.,1
Really impressed with how well this works. Excellent design.,1
Super easy to set up and use. Very satisfied with the results.,1
This item is defective. I had to throw it away after one day.,0
Amazing product. The quality is top-notch and delivery was fast.,1
Terrible quality. Nothing like the pictures shown on the listing. Felt cheaply made.,0
Disappointed with the purchase. Quality is far below expectations. Extremely frustrating experience.,0
This exceeded my expectations in every way. Will buy again.,1
Stopped working after one week. The build quality is very poor.,0
Highly recommend this product. It solved my problem immediately.,1
Best purchase in a long time. Highly recommend to everyone. Really exceeded my expectations.,1
Good quality product and fast shipping. Very pleased overall. The quality surprised me.,1
This item is defective. I had to throw it away after one day.,0
Perfect for what I needed. Great customer service too. Highly satisfied.,1
This exceeded my expectations in every way. Will buy again.,1
Great value! Does exactly what the description says and more.,1
This product is absolutely fantastic and exceeded all my expectations. Really good value.,1
Broke immediately. Packaging was terrible and product was already cracked. Poor customer support.,0
Really impressed with how well this works. Excellent design. I would buy this again.,1
Super easy to set up and use. Very satisfied with the results. Really good value.,1
I am extremely dissatisfied. This does not match the description at all. Would not recommend.,0
Very poor quality control. The item fell apart on the first use. Would not recommend.,0
Total junk. Nothing works as advertised. Extremely frustrated. Would not recommend.,0
Perfect for what I needed. Great customer service too. Works as advertised.,1
Misleading product listing. The real item is nothing like described. Save your money.,0
Complete waste of money. I would not recommend this to anyone. Would not recommend.,0
Very cheap feeling materials. Arrived damaged and unusable.,0
Stopped working after one week. The build quality is very poor. Complete waste of money.,0
Broke immediately. Packaging was terrible and product was already cracked. Poor customer support.,0
Total junk. Nothing works as advertised. Extremely frustrated. Would not recommend.,0
Stopped working after one week. The build quality is very poor.,0
Amazing product. The quality is top-notch and delivery was fast.,1
I love this item. It arrived quickly and the packaging was secure. Works as advertised.,1
I love this item. It arrived quickly and the packaging was secure.,1
Not worth the money at all. I regret buying this product. Never buying from this brand again.,0
This item is defective. I had to throw it away after one day. Defective right away.,0
Misleading product listing. The real item is nothing like described.,0
Outstanding build quality. It has been working flawlessly for months.,1
Disappointed with the purchase. Quality is far below expectations. Save your money.,0
I am very happy with this purchase. Works perfectly right out of the box. Really exceeded my expectations.,1
Outstanding build quality. It has been working flawlessly for months. Highly satisfied.,1
Really bad quality. Instructions were unclear and it does not function. Save your money.,0
Terrible quality. Nothing like the pictures shown on the listing. Never buying from this brand again.,0
"Highly recommend this product. It solved my problem immediately. Great product, great service.",1
Very cheap feeling materials. Arrived damaged and unusable. Complete waste of money.,0
Good quality product and fast shipping. Very pleased overall.,1
Terrible quality. Nothing like the pictures shown on the listing.,0
Great value! Does exactly what the description says and more.,1
Best purchase in a long time. Highly recommend to everyone. Really exceeded my expectations.,1
Five stars all the way. Best purchase I have made this year. Easy to use and reliable.,1
Solid construction and comfortable to use. Worth every penny.,1
"I am very happy with this purchase. Works perfectly right out of the box. Great product, great service.",1
Zero stars if I could. Worst purchase I have ever made. Terrible experience.,0
Very durable and well made. It looks even better in person. Easy to use and reliable.,1
Best purchase in a long time. Highly recommend to everyone.,1
Five stars all the way. Best purchase I have made this year. I would buy this again.,1
Excellent quality for the price. I would definitely recommend to a friend.,1
Misleading product listing. The real item is nothing like described. Poor customer support.,0
Very durable and well made. It looks even better in person. Highly satisfied.,1
Amazing product. The quality is top-notch and delivery was fast.,1
Very unhappy with this item. It stopped working after a single use.,0
Solid construction and comfortable to use. Worth every penny. Works as advertised.,1
Zero stars if I could. Worst purchase I have ever made.,0
Very happy with this. It does everything I hoped it would. Works great from day one.,1
Terrible quality. Nothing like the pictures shown on the listing.,0
Do not buy this. It is a complete scam and waste of your money.,0
Best purchase in a long time. Highly recommend to everyone. No complaints at all.,1
Five stars all the way. Best purchase I have made this year.,1
Works exactly as advertised. I could not be happier with my order.,1
Amazing product. The quality is top-notch and delivery was fast.,1
This product is absolutely fantastic and exceeded all my expectations. Highly satisfied.,1
Highly recommend this product. It solved my problem immediately.,1
Super easy to set up and use. Very satisfied with the results. Highly satisfied.,1
Really impressed with how well this works. Excellent design. I am impressed overall.,1
I am very happy with this purchase. Works perfectly right out of the box. Very happy with the result.,1
Poor design and weak materials. Do not waste your money on this. Save your money.,0
Solid construction and comfortable to use. Worth every penny. Very happy with the result.,1
Really bad quality. Instructions were unclear and it does not function. Extremely frustrating experience.,0
This item is defective. I had to throw it away after one day. Nothing worked correctly.,0
Solid construction and comfortable to use. Worth every penny.,1
Wonderful product. Easy to use and very effective. Highly satisfied.,1
Five stars all the way. Best purchase I have made this year.,1
Terrible quality. Nothing like the pictures shown on the listing. Instructions were useless.,0
Five stars all the way. Best purchase I have made this year. Exactly as described.,1
Solid construction and comfortable to use. Worth every penny. Easy to use and reliable.,1
Best purchase in a long time. Highly recommend to everyone.,1
Very durable and well made. It looks even better in person.,1
Solid construction and comfortable to use. Worth every penny.,1
I am very happy with this purchase. Works perfectly right out of the box. Easy to use and reliable.,1
I am extremely dissatisfied. This does not match the description at all.,0
Disappointed with the purchase. Quality is far below expectations. Very poor value.,0
Poor design and weak materials. Do not waste your money on this. Save your money.,0
This item is defective. I had to throw it away after one day.,0
Zero stars if I could. Worst purchase I have ever made. Never buying from this brand again.,0
Perfect for what I needed. Great customer service too. Shipping was very fast.,1
This item is defective. I had to throw it away after one day. Nothing worked correctly.,0
Solid construction and comfortable to use. Worth every penny. Highly satisfied.,1
Returned immediately. The product is defective right out of the box.,0
Very unhappy with this item. It stopped working after a single use. Complete waste of money.,0
Very durable and well made. It looks even better in person. Highly satisfied.,1
Stopped working after one week. The build quality is very poor. Very poor value.,0
Poor design and weak materials. Do not waste your money on this. Save your money.,0
Very durable and well made. It looks even better in person. Works great from day one.,1
I love this item. It arrived quickly and the packaging was secure. Really exceeded my expectations.,1
Returned immediately. The product is defective right out of the box. Extremely frustrating experience.,0
Terrible quality. Nothing like the pictures shown on the listing.,0
Returned immediately. The product is defective right out of the box.,0
Returned immediately. The product is defective right out of the box.,0
Very unhappy with this item. It stopped working after a single use. Complete waste of money.,0
I love this item. It arrived quickly and the packaging was secure. I love it.,1
Broke immediately. Packaging was terrible and product was already cracked.,0
"Perfect for what I needed. Great customer service too. Great product, great service.",1
Not worth the money at all. I regret buying this product. Save your money.,0
Very poor quality control. The item fell apart on the first use.,0
Awful product. Customer service was unhelpful when I tried to return it. Terrible experience.,0
Excellent quality for the price. I would definitely recommend to a friend.,1
Very durable and well made. It looks even better in person. I am impressed overall.,1
Do not buy this. It is a complete scam and waste of your money.,0
This item is defective. I had to throw it away after one day.,0
Really impressed with how well this works. Excellent design. Shipping was very fast.,1
Perfect for what I needed. Great customer service too. Exactly as described.,1
I am very happy with this purchase. Works perfectly right out of the box. Really exceeded my expectations.,1
Great value! Does exactly what the description says and more. Highly satisfied.,1
Wonderful product. Easy to use and very effective. Highly satisfied.,1
Very durable and well made. It looks even better in person. Highly satisfied.,1
Solid construction and comfortable to use. Worth every penny.,1
Poor design and weak materials. Do not waste your money on this.,0
Outstanding build quality. It has been working flawlessly for months. No complaints at all.,1
I am very happy with this purchase. Works perfectly right out of the box.,1
Misleading product listing. The real item is nothing like described. Defective right away.,0
Wonderful product. Easy to use and very effective.,1
Zero stars if I could. Worst purchase I have ever made. Instructions were useless.,0
Not worth the money at all. I regret buying this product. Nothing worked correctly.,0
Solid construction and comfortable to use. Worth every penny.,1
Disappointed with the purchase. Quality is far below expectations. Never buying from this brand again.,0
I love this item. It arrived quickly and the packaging was secure. Highly satisfied.,1
This exceeded my expectations in every way. Will buy again. Highly satisfied.,1
Super easy to set up and use. Very satisfied with the results.,1
Very cheap feeling materials. Arrived damaged and unusable.,0
Really bad quality. Instructions were unclear and it does not function.,0
Highly recommend this product. It solved my problem immediately.,1
Wonderful product. Easy to use and very effective.,1
Very unhappy with this item. It stopped working after a single use. Would not recommend.,0
I am very happy with this purchase. Works perfectly right out of the box. Very happy with the result.,1
Wonderful product. Easy to use and very effective.,1
Zero stars if I could. Worst purchase I have ever made.,0
Highly recommend this product. It solved my problem immediately. Exactly as described.,1
Best purchase in a long time. Highly recommend to everyone. Shipping was very fast.,1
Do not buy this. It is a complete scam and waste of your money.,0
This exceeded my expectations in every way. Will buy again. I am impressed overall.,1
Perfect for what I needed. Great customer service too. Really exceeded my expectations.,1
Disappointed with the purchase. Quality is far below expectations. Save your money.,0
This exceeded my expectations in every way. Will buy again.,1
Very unhappy with this item. It stopped working after a single use.,0
Best purchase in a long time. Highly recommend to everyone.,1
Complete waste of money. I would not recommend this to anyone. Broke too quickly.,0
Terrible quality. Nothing like the pictures shown on the listing. Save your money.,0
Misleading product listing. The real item is nothing like described. Never buying from this brand again.,0
Do not buy this. It is a complete scam and waste of your money. Very poor value.,0
Misleading product listing. The real item is nothing like described.,0
Do not buy this. It is a complete scam and waste of your money. Felt cheaply made.,0
Stopped working after one week. The build quality is very poor.,0
I am very happy with this purchase. Works perfectly right out of the box.,1
Poor design and weak materials. Do not waste your money on this. Poor customer support.,0
Good quality product and fast shipping. Very pleased overall. No complaints at all.,1
Works exactly as advertised. I could not be happier with my order. Really exceeded my expectations.,1
I love this item. It arrived quickly and the packaging was secure.,1
I am extremely dissatisfied. This does not match the description at all. Extremely frustrating experience.,0
Not worth the money at all. I regret buying this product.,0
Works exactly as advertised. I could not be happier with my order. Exactly as described.,1
Good quality product and fast shipping. Very pleased overall.,1
Complete waste of money. I would not recommend this to anyone.,0
Very durable and well made. It looks even better in person. Highly satisfied.,1
Wonderful product. Easy to use and very effective. I love it.,1
I love this item. It arrived quickly and the packaging was secure.,1
Really impressed with how well this works. Excellent design. I am impressed overall.,1
Great value! Does exactly what the description says and more.,1
Outstanding build quality. It has been working flawlessly for months.,1
This product broke after just two days. Very disappointing. Not as described.,0
I love this item. It arrived quickly and the packaging was secure. No complaints at all.,1
Disappointed with the purchase. Quality is far below expectations. Defective right away.,0
Great value! Does exactly what the description says and more. No complaints at all.,1
Perfect for what I needed. Great customer service too. Really exceeded my expectations.,1
Zero stars if I could. Worst purchase I have ever made. Very poor value.,0
I love this item. It arrived quickly and the packaging was secure. Really good value.,1
Outstanding build quality. It has been working flawlessly for months. Really exceeded my expectations.,1
Good quality product and fast shipping. Very pleased overall. Shipping was very fast.,1
Good quality product and fast shipping. Very pleased overall. I am impressed overall.,1
Returned immediately. The product is defective right out of the box.,0
Poor design and weak materials. Do not waste your money on this. Very disappointing overall.,0
"Really impressed with how well this works. Excellent design. Great product, great service.",1
Awful product. Customer service was unhelpful when I tried to return it. Very disappointing overall.,0
Very durable and well made. It looks even better in person. Really exceeded my expectations.,1
I am very happy with this purchase. Works perfectly right out of the box. Really good value.,1
This exceeded my expectations in every way. Will buy again. Works great from day one.,1
"Really impressed with how well this works. Excellent design. Great product, great service.",1
Complete waste of money. I would not recommend this to anyone. Extremely frustrating experience.,0
Very unhappy with this item. It stopped working after a single use.,0
Works exactly as advertised. I could not be happier with my order.,1
Great value! Does exactly what the description says and more. I am impressed overall.,1
Not worth the money at all. I regret buying this product. Terrible experience.,0
Good quality product and fast shipping. Very pleased overall. Easy to use and reliable.,1
Amazing product. The quality is top-notch and delivery was fast. Easy to use and reliable.,1
Really impressed with how well this works. Excellent design. Easy to use and reliable.,1
Terrible quality. Nothing like the pictures shown on the listing. Never buying from this brand again.,0
Returned immediately. The product is defective right out of the box. Never buying from this brand again.,0
Super easy to set up and use. Very satisfied with the results. Works as advertised.,1
This product is absolutely fantastic and exceeded all my expectations.,1
Do not buy this. It is a complete scam and waste of your money. Instructions were useless.,0
Very durable and well made. It looks even better in person. Works great from day one.,1
Really bad quality. Instructions were unclear and it does not function. Poor customer support.,0
Excellent quality for the price. I would definitely recommend to a friend.,1
Complete waste of money. I would not recommend this to anyone. Complete waste of money.,0
I am extremely dissatisfied. This does not match the description at all.,0
Stopped working after one week. The build quality is very poor. Very poor value.,0
Really impressed with how well this works. Excellent design.,1
Amazing product. The quality is top-notch and delivery was fast.,1
Amazing product. The quality is top-notch and delivery was fast. Really exceeded my expectations.,1
Perfect for what I needed. Great customer service too. Really exceeded my expectations.,1
Excellent quality for the price. I would definitely recommend to a friend. Works as advertised.,1
Not worth the money at all. I regret buying this product. Very disappointing overall.,0
Poor design and weak materials. Do not waste your money on this. Would not recommend.,0
Misleading product listing. The real item is nothing like described. Felt cheaply made.,0
Very poor quality control. The item fell apart on the first use. Extremely frustrating experience.,0
Complete waste of money. I would not recommend this to anyone.,0
Really impressed with how well this works. Excellent design. Really good value.,1
This item is defective. I had to throw it away after one day.,0
I am very happy with this purchase. Works perfectly right out of the box.,1
Broke immediately. Packaging was terrible and product was already cracked.,0
Great value! Does exactly what the description says and more. I would buy this again.,1
"Great value! Does exactly what the description says and more. Great product, great service.",1
I am extremely dissatisfied. This does not match the description at all. Extremely frustrating experience.,0
Misleading product listing. The real item is nothing like described. Terrible experience.,0
This exceeded my expectations in every way. Will buy again.,1
Best purchase in a long time. Highly recommend to everyone. Very happy with the result.,1
I love this item. It arrived quickly and the packaging was secure.,1
Do not buy this. It is a complete scam and waste of your money.,0
Great value! Does exactly what the description says and more. Exactly as described.,1
Awful product. Customer service was unhelpful when I tried to return it.,0
Good quality product and fast shipping. Very pleased overall. Really exceeded my expectations.,1
Super easy to set up and use. Very satisfied with the results. I am impressed overall.,1
This product is absolutely fantastic and exceeded all my expectations. Shipping was very fast.,1
Complete waste of money. I would not recommend this to anyone.,0
This item is defective. I had to throw it away after one day. Not as described.,0
Outstanding build quality. It has been working flawlessly for months. I am impressed overall.,1
I am very happy with this purchase. Works perfectly right out of the box.,1
Disappointed with the purchase. Quality is far below expectations.,0
Very unhappy with this item. It stopped working after a single use. Complete waste of money.,0
Outstanding build quality. It has been working flawlessly for months.,1
Very cheap feeling materials. Arrived damaged and unusable.,0
Disappointed with the purchase. Quality is far below expectations. Would not recommend.,0
Do not buy this. It is a complete scam and waste of your money. Very disappointing overall.,0
Awful product. Customer service was unhelpful when I tried to return it. Never buying from this brand again.,0
I am extremely dissatisfied. This does not match the description at all.,0
Really bad quality. Instructions were unclear and it does not function.,0
Perfect for what I needed. Great customer service too.,1
Excellent quality for the price. I would definitely recommend to a friend. I love it.,1
Very durable and well made. It looks even better in person. No complaints at all.,1
This product broke after just two days. Very disappointing. Terrible experience.,0
Really bad quality. Instructions were unclear and it does not function.,0
Disappointed with the purchase. Quality is far below expectations. Defective right away.,0
Poor design and weak materials. Do not waste your money on this.,0
Poor design and weak materials. Do not waste your money on this. Defective right away.,0
This exceeded my expectations in every way. Will buy again. Works great from day one.,1
Very happy with this. It does everything I hoped it would. I would buy this again.,1
I love this item. It arrived quickly and the packaging was secure.,1
Zero stars if I could. Worst purchase I have ever made. Broke too quickly.,0
Super easy to set up and use. Very satisfied with the results. The quality surprised me.,1
This exceeded my expectations in every way. Will buy again.,1
"Works exactly as advertised. I could not be happier with my order. Great product, great service.",1
Returned immediately. The product is defective right out of the box.,0
This product broke after just two days. Very disappointing. Very poor value.,0
This item is defective. I had to throw it away after one day. Instructions were useless.,0
Not worth the money at all. I regret buying this product. Would not recommend.,0
Not worth the money at all. I regret buying this product. Felt cheaply made.,0
I am very happy with this purchase. Works perfectly right out of the box. Easy to use and reliable.,1
Very durable and well made. It looks even better in person. I am impressed overall.,1
Wonderful product. Easy to use and very effective. I love it.,1
Very poor quality control. The item fell apart on the first use.,0
Highly recommend this product. It solved my problem immediately.,1
Broke immediately. Packaging was terrible and product was already cracked. Very disappointing overall.,0
Disappointed with the purchase. Quality is far below expectations. Would not recommend.,0
Very unhappy with this item. It stopped working after a single use. Defective right away.,0
Five stars all the way. Best purchase I have made this year. Works as advertised.,1
Very poor quality control. The item fell apart on the first use. Very disappointing overall.,0
This item is defective. I had to throw it away after one day. Defective right away.,0
Very cheap feeling materials. Arrived damaged and unusable.,0
Very poor quality control. The item fell apart on the first use. Extremely frustrating experience.,0
Poor design and weak materials. Do not waste your money on this. Would not recommend.,0
Perfect for what I needed. Great customer service too. I love it.,1
This product broke after just two days. Very disappointing. Defective right away.,0
Misleading product listing. The real item is nothing like described.,0
This exceeded my expectations in every way. Will buy again. I am impressed overall.,1
Terrible quality. Nothing like the pictures shown on the listing. Terrible experience.,0
Solid construction and comfortable to use. Worth every penny. Exactly as described.,1
Broke immediately. Packaging was terrible and product was already cracked. Broke too quickly.,0
I am extremely dissatisfied. This does not match the description at all. Nothing worked correctly.,0
Disappointed with the purchase. Quality is far below expectations. Defective right away.,0
Highly recommend this product. It solved my problem immediately. Works great from day one.,1
Works exactly as advertised. I could not be happier with my order. Easy to use and reliable.,1
Zero stars if I could. Worst purchase I have ever made. Defective right away.,0
Outstanding build quality. It has been working flawlessly for months. Exactly as described.,1
Very durable and well made. It looks even better in person. Really good value.,1
Returned immediately. The product is defective right out of the box. Would not recommend.,0
Five stars all the way. Best purchase I have made this year. Highly satisfied.,1
Zero stars if I could. Worst purchase I have ever made. Terrible experience.,0
Not worth the money at all. I regret buying this product. Terrible experience.,0
Amazing product. The quality is top-notch and delivery was fast.,1
Very durable and well made. It looks even better in person. I would buy this again.,1
Amazing product. The quality is top-notch and delivery was fast. I love it.,1
I love this item. It arrived quickly and the packaging was secure. I love it.,1
"Five stars all the way. Best purchase I have made this year. Great product, great service.",1
Really bad quality. Instructions were unclear and it does not function.,0
Great value! Does exactly what the description says and more.,1
"Great value! Does exactly what the description says and more. Great product, great service.",1
Complete waste of money. I would not recommend this to anyone.,0
Outstanding build quality. It has been working flawlessly for months. Really exceeded my expectations.,1
I am very happy with this purchase. Works perfectly right out of the box.,1
Zero stars if I could. Worst purchase I have ever made.,0
Awful product. Customer service was unhelpful when I tried to return it. Save your money.,0
Broke immediately. Packaging was terrible and product was already cracked. Extremely frustrating experience.,0
"Super easy to set up and use. Very satisfied with the results. Great product, great service.",1
Highly recommend this product. It solved my problem immediately. Very happy with the result.,1
Disappointed with the purchase. Quality is far below expectations. Terrible experience.,0
Wonderful product. Easy to use and very effective.,1
Perfect for what I needed. Great customer service too.,1
Really impressed with how well this works. Excellent design. The quality surprised me.,1
Perfect for what I needed. Great customer service too. Easy to use and reliable.,1
Not worth the money at all. I regret buying this product. Very poor value.,0
Total junk. Nothing works as advertised. Extremely frustrated. Very disappointing overall.,0
I am very happy with this purchase. Works perfectly right out of the box. I would buy this again.,1
This exceeded my expectations in every way. Will buy again.,1
Complete waste of money. I would not recommend this to anyone. Instructions were useless.,0
Five stars all the way. Best purchase I have made this year. Really good value.,1
This item is defective. I had to throw it away after one day. Would not recommend.,0
Not worth the money at all. I regret buying this product.,0
Excellent quality for the price. I would definitely recommend to a friend.,1
Complete waste of money. I would not recommend this to anyone. Would not recommend.,0
Very happy with this. It does everything I hoped it would. Really good value.,1
Awful product. Customer service was unhelpful when I tried to return it. Save your money.,0
Super easy to set up and use. Very satisfied with the results.,1
Great value! Does exactly what the description says and more. Works great from day one.,1
Good quality product and fast shipping. Very pleased overall. I love it.,1
I am very happy with this purchase. Works perfectly right out of the box. Easy to use and reliable.,1
Good quality product and fast shipping. Very pleased overall. I am impressed overall.,1
Works exactly as advertised. I could not be happier with my order.,1
Works exactly as advertised. I could not be happier with my order. Shipping was very fast.,1
Very poor quality control. The item fell apart on the first use. Very poor value.,0
Not worth the money at all. I regret buying this product. Save your money.,0
Awful product. Customer service was unhelpful when I tried to return it. Instructions were useless.,0
Amazing product. The quality is top-notch and delivery was fast. Really exceeded my expectations.,1
Best purchase in a long time. Highly recommend to everyone. Easy to use and reliable.,1
Zero stars if I could. Worst purchase I have ever made.,0
Stopped working after one week. The build quality is very poor. Save your money.,0
Best purchase in a long time. Highly recommend to everyone. Very happy with the result.,1
Five stars all the way. Best purchase I have made this year.,1
Super easy to set up and use. Very satisfied with the results. I would buy this again.,1
Works exactly as advertised. I could not be happier with my order. Easy to use and reliable.,1
Really bad quality. Instructions were unclear and it does not function. Nothing worked correctly.,0
Solid construction and comfortable to use. Worth every penny. Works as advertised.,1
Very durable and well made. It looks even better in person. Easy to use and reliable.,1
Perfect for what I needed. Great customer service too. The quality surprised me.,1
Very happy with this. It does everything I hoped it would. I love it.,1
Works exactly as advertised. I could not be happier with my order.,1
This exceeded my expectations in every way. Will buy again. Easy to use and reliable.,1
Not worth the money at all. I regret buying this product.,0
Returned immediately. The product is defective right out of the box.,0
Really bad quality. Instructions were unclear and it does not function. Poor customer support.,0
Really impressed with how well this works. Excellent design. Works as advertised.,1
Poor design and weak materials. Do not waste your money on this. Terrible experience.,0
Returned immediately. The product is defective right out of the box. Complete waste of money.,0
Total junk. Nothing works as advertised. Extremely frustrated. Broke too quickly.,0
Wonderful product. Easy to use and very effective. Shipping was very fast.,1
Returned immediately. The product is defective right out of the box. Extremely frustrating experience.,0
Wonderful product. Easy to use and very effective. Exactly as described.,1
This exceeded my expectations in every way. Will buy again.,1
Terrible quality. Nothing like the pictures shown on the listing.,0
Solid construction and comfortable to use. Worth every penny.,1
Works exactly as advertised. I could not be happier with my order.,1
Awful product. Customer service was unhelpful when I tried to return it.,0
Good quality product and fast shipping. Very pleased overall. Really good value.,1
Misleading product listing. The real item is nothing like described. Very poor value.,0
This item is defective. I had to throw it away after one day. Extremely frustrating experience.,0
Very happy with this. It does everything I hoped it would. I would buy this again.,1
Really bad quality. Instructions were unclear and it does not function. Defective right away.,0
Really bad quality. Instructions were unclear and it does not function.,0
Very unhappy with this item. It stopped working after a single use. Nothing worked correctly.,0
Best purchase in a long time. Highly recommend to everyone. No complaints at all.,1
Five stars all the way. Best purchase I have made this year.,1
Solid construction and comfortable to use. Worth every penny. Works great from day one.,1
Great value! Does exactly what the description says and more. Easy to use and reliable.,1
Wonderful product. Easy to use and very effective.,1
Awful product. Customer service was unhelpful when I tried to return it.,0
I am very happy with this purchase. Works perfectly right out of the box.,1
Disappointed with the purchase. Quality is far below expectations. Terrible experience.,0
Very cheap feeling materials. Arrived damaged and unusable.,0
Disappointed with the purchase. Quality is far below expectations. Defective right away.,0
Awful product. Customer service was unhelpful when I tried to return it.,0
Not worth the money at all. I regret buying this product.,0
This product broke after just two days. Very disappointing.,0
I am very happy with this purchase. Works perfectly right out of the box. No complaints at all.,1
Misleading product listing. The real item is nothing like described.,0
I am extremely dissatisfied. This does not match the description at all.,0
Misleading product listing. The real item is nothing like described. Nothing worked correctly.,0
Misleading product listing. The real item is nothing like described.,0
Zero stars if I could. Worst purchase I have ever made. Felt cheaply made.,0
Misleading product listing. The real item is nothing like described. Never buying from this brand again.,0
This item is defective. I had to throw it away after one day. Defective right away.,0
Wonderful product. Easy to use and very effective. Exactly as described.,1
This exceeded my expectations in every way. Will buy again.,1
I am very happy with this purchase. Works perfectly right out of the box.,1
I love this item. It arrived quickly and the packaging was secure. Works great from day one.,1
Very poor quality control. The item fell apart on the first use.,0
Very happy with this. It does everything I hoped it would. The quality surprised me.,1
Total junk. Nothing works as advertised. Extremely frustrated.,0
Great value! Does exactly what the description says and more. The quality surprised me.,1
I am very happy with this purchase. Works perfectly right out of the box.,1
I am very happy with this purchase. Works perfectly right out of the box. Highly satisfied.,1
Really impressed with how well this works. Excellent design. I love it.,1
"Great value! Does exactly what the description says and more. Great product, great service.",1
Best purchase in a long time. Highly recommend to everyone. Very happy with the result.,1
"Very happy with this. It does everything I hoped it would. Great product, great service.",1
Do not buy this. It is a complete scam and waste of your money. Not as described.,0
Very happy with this. It does everything I hoped it would.,1
Outstanding build quality. It has been working flawlessly for months.,1
This item is defective. I had to throw it away after one day. Complete waste of money.,0
Good quality product and fast shipping. Very pleased overall.,1
Solid construction and comfortable to use. Worth every penny.,1
This product broke after just two days. Very disappointing.,0
This product is absolutely fantastic and exceeded all my expectations. Easy to use and reliable.,1
Super easy to set up and use. Very satisfied with the results.,1
I am extremely dissatisfied. This does not match the description at all.,0
Disappointed with the purchase. Quality is far below expectations. Very disappointing overall.,0
Best purchase in a long time. Highly recommend to everyone.,1
Awful product. Customer service was unhelpful when I tried to return it. Save your money.,0
Not worth the money at all. I regret buying this product. Felt cheaply made.,0
Zero stars if I could. Worst purchase I have ever made. Not as described.,0
I am very happy with this purchase. Works perfectly right out of the box.,1
Solid construction and comfortable to use. Worth every penny. Easy to use and reliable.,1
Excellent quality for the price. I would definitely recommend to a friend.,1
This item is defective. I had to throw it away after one day.,0
Highly recommend this product. It solved my problem immediately. Works great from day one.,1
This item is defective. I had to throw it away after one day. Broke too quickly.,0
Works exactly as advertised. I could not be happier with my order.,1
This item is defective. I had to throw it away after one day. Very disappointing overall.,0
Poor design and weak materials. Do not waste your money on this. Nothing worked correctly.,0
Terrible quality. Nothing like the pictures shown on the listing. Felt cheaply made.,0
Amazing product. The quality is top-notch and delivery was fast. I am impressed overall.,1
I am extremely dissatisfied. This does not match the description at all. Felt cheaply made.,0
Best purchase in a long time. Highly recommend to everyone. Really exceeded my expectations.,1
Solid construction and comfortable to use. Worth every penny. Really exceeded my expectations.,1
Works exactly as advertised. I could not be happier with my order. I am impressed overall.,1
I am extremely dissatisfied. This does not match the description at all. Would not recommend.,0
Best purchase in a long time. Highly recommend to everyone. I would buy this again.,1
Broke immediately. Packaging was terrible and product was already cracked. Extremely frustrating experience.,0
Broke immediately. Packaging was terrible and product was already cracked. Never buying from this brand again.,0
I am very happy with this purchase. Works perfectly right out of the box.,1
Poor design and weak materials. Do not waste your money on this.,0
Super easy to set up and use. Very satisfied with the results. I love it.,1
Great value! Does exactly what the description says and more.,1
Best purchase in a long time. Highly recommend to everyone.,1
Good quality product and fast shipping. Very pleased overall. No complaints at all.,1
I love this item. It arrived quickly and the packaging was secure. Shipping was very fast.,1
Highly recommend this product. It solved my problem immediately. Easy to use and reliable.,1
Best purchase in a long time. Highly recommend to everyone.,1
I am extremely dissatisfied. This does not match the description at all.,0
Very unhappy with this item. It stopped working after a single use.,0
I love this item. It arrived quickly and the packaging was secure.,1
Highly recommend this product. It solved my problem immediately. Really good value.,1
This exceeded my expectations in every way. Will buy again. No complaints at all.,1
I am very happy with this purchase. Works perfectly right out of the box. Really good value.,1
Great value! Does exactly what the description says and more. Exactly as described.,1
Very happy with this. It does everything I hoped it would. I am impressed overall.,1
Very cheap feeling materials. Arrived damaged and unusable. Nothing worked correctly.,0
This item is defective. I had to throw it away after one day. Nothing worked correctly.,0
Works exactly as advertised. I could not be happier with my order.,1
This item is defective. I had to throw it away after one day. Terrible experience.,0
Excellent quality for the price. I would definitely recommend to a friend.,1
Best purchase in a long time. Highly recommend to everyone. I would buy this again.,1
I am very happy with this purchase. Works perfectly right out of the box.,1
Highly recommend this product. It solved my problem immediately.,1
Broke immediately. Packaging was terrible and product was already cracked. Broke too quickly.,0
Outstanding build quality. It has been working flawlessly for months.,1
Very unhappy with this item. It stopped working after a single use. Broke too quickly.,0
I am very happy with this purchase. Works perfectly right out of the box. I would buy this again.,1
I am extremely dissatisfied. This does not match the description at all. Never buying from this brand again.,0
Solid construction and comfortable to use. Worth every penny.,1
Do not buy this. It is a complete scam and waste of your money.,0
Five stars all the way. Best purchase I have made this year.,1
Super easy to set up and use. Very satisfied with the results.,1
Best purchase in a long time. Highly recommend to everyone. I am impressed overall.,1
Very poor quality control. The item fell apart on the first use.,0
Really bad quality. Instructions were unclear and it does not function.,0
Best purchase in a long time. Highly recommend to everyone. Easy to use and reliable.,1
This item is defective. I had to throw it away after one day. Save your money.,0
Really bad quality. Instructions were unclear and it does not function. Save your money.,0
Really bad quality. Instructions were unclear and it does not function.,0
Perfect for what I needed. Great customer service too. Shipping was very fast.,1
Wonderful product. Easy to use and very effective.,1
Solid construction and comfortable to use. Worth every penny. Highly satisfied.,1
This exceeded my expectations in every way. Will buy again.,1
This item is defective. I had to throw it away after one day. Nothing worked correctly.,0
Works exactly as advertised. I could not be happier with my order. Easy to use and reliable.,1
Zero stars if I could. Worst purchase I have ever made. Never buying from this brand again.,0
Great value! Does exactly what the description says and more.,1
Very unhappy with this item. It stopped working after a single use.,0
Very durable and well made. It looks even better in person.,1
Super easy to set up and use. Very satisfied with the results. I would buy this again.,1
Misleading product listing. The real item is nothing like described.,0
Terrible quality. Nothing like the pictures shown on the listing.,0
Excellent quality for the price. I would definitely recommend to a friend.,1
Works exactly as advertised. I could not be happier with my order. Very happy with the result.,1
This product broke after just two days. Very disappointing.,0
Total junk. Nothing works as advertised. Extremely frustrated. Terrible experience.,0
Amazing product. The quality is top-notch and delivery was fast.,1
Super easy to set up and use. Very satisfied with the results.,1
Broke immediately. Packaging was terrible and product was already cracked.,0
Not worth the money at all. I regret buying this product. Would not recommend.,0
Outstanding build quality. It has been working flawlessly for months. Works great from day one.,1
Broke immediately. Packaging was terrible and product was already cracked. Felt cheaply made.,0
Stopped working after one week. The build quality is very poor.,0
Stopped working after one week. The build quality is very poor. Very poor value.,0
Zero stars if I could. Worst purchase I have ever made. Poor customer support.,0
Five stars all the way. Best purchase I have made this year. Really exceeded my expectations.,1
Awful product. Customer service was unhelpful when I tried to return it.,0
Works exactly as advertised. I could not be happier with my order. Really good value.,1
Awful product. Customer service was unhelpful when I tried to return it. Poor customer support.,0
I am extremely dissatisfied. This does not match the description at all. Never buying from this brand again.,0
Super easy to set up and use. Very satisfied with the results. Works great from day one.,1
Do not buy this. It is a complete scam and waste of your money.,0
Stopped working after one week. The build quality is very poor.,0
Stopped working after one week. The build quality is very poor. Felt cheaply made.,0
Very unhappy with this item. It stopped working after a single use. Would not recommend.,0
Super easy to set up and use. Very satisfied with the results.,1
Stopped working after one week. The build quality is very poor. Broke too quickly.,0
This product broke after just two days. Very disappointing. Defective right away.,0
Really bad quality. Instructions were unclear and it does not function. Would not recommend.,0
I am very happy with this purchase. Works perfectly right out of the box.,1
I am very happy with this purchase. Works perfectly right out of the box.,1
Really bad quality. Instructions were unclear and it does not function. Defective right away.,0
Amazing product. The quality is top-notch and delivery was fast.,1
Excellent quality for the price. I would definitely recommend to a friend.,1
I love this item. It arrived quickly and the packaging was secure.,1
This item is defective. I had to throw it away after one day. Very disappointing overall.,0
I am very happy with this purchase. Works perfectly right out of the box. Easy to use and reliable.,1
Very durable and well made. It looks even better in person.,1
Broke immediately. Packaging was terrible and product was already cracked. Broke too quickly.,0
Really impressed with how well this works. Excellent design. No complaints at all.,1
Broke immediately. Packaging was terrible and product was already cracked.,0
This product broke after just two days. Very disappointing. Broke too quickly.,0
Really bad quality. Instructions were unclear and it does not function. Would not recommend.,0
This item is defective. I had to throw it away after one day.,0
Do not buy this. It is a complete scam and waste of your money. Save your money.,0
Do not buy this. It is a complete scam and waste of your money. Terrible experience.,0
This product is absolutely fantastic and exceeded all my expectations.,1
Works exactly as advertised. I could not be happier with my order.,1
This exceeded my expectations in every way. Will buy again. Shipping was very fast.,1
Outstanding build quality. It has been working flawlessly for months.,1
Super easy to set up and use. Very satisfied with the results.,1
Really impressed with how well this works. Excellent design.,1
I love this item. It arrived quickly and the packaging was secure.,1
Outstanding build quality. It has been working flawlessly for months. Very happy with the result.,1
Very unhappy with this item. It stopped working after a single use.,0
Complete waste of money. I would not recommend this to anyone. Poor customer support.,0
Best purchase in a long time. Highly recommend to everyone. Exactly as described.,1
I am extremely dissatisfied. This does not match the description at all.,0
Do not buy this. It is a complete scam and waste of your money. Poor customer support.,0
Stopped working after one week. The build quality is very poor.,0
Outstanding build quality. It has been working flawlessly for months.,1
Really impressed with how well this works. Excellent design.,1
Excellent quality for the price. I would definitely recommend to a friend. Really exceeded my expectations.,1
Broke immediately. Packaging was terrible and product was already cracked. Felt cheaply made.,0
Perfect for what I needed. Great customer service too.,1
Great value! Does exactly what the description says and more. Very happy with the result.,1
Five stars all the way. Best purchase I have made this year. Very happy with the result.,1
This item is defective. I had to throw it away after one day.,0
I love this item. It arrived quickly and the packaging was secure. Really good value.,1
Do not buy this. It is a complete scam and waste of your money. Defective right away.,0
I am extremely dissatisfied. This does not match the description at all. Extremely frustrating experience.,0
Misleading product listing. The real item is nothing like described. Would not recommend.,0
Really bad quality. Instructions were unclear and it does not function. Would not recommend.,0
Solid construction and comfortable to use. Worth every penny.,1
Excellent quality for the price. I would definitely recommend to a friend. Really good value.,1
I am extremely dissatisfied. This does not match the description at all.,0
Perfect for what I needed. Great customer service too.,1
Really impressed with how well this works. Excellent design.,1
Really impressed with how well this works. Excellent design. I would buy this again.,1
Excellent quality for the price. I would definitely recommend to a friend. Easy to use and reliable.,1
Very cheap feeling materials. Arrived damaged and unusable. Terrible experience.,0
Very happy with this. It does everything I hoped it would.,1
Awful product. Customer service was unhelpful when I tried to return it.,0
Very unhappy with this item. It stopped working after a single use.,0
Terrible quality. Nothing like the pictures shown on the listing. Terrible experience.,0
This item is defective. I had to throw it away after one day. Never buying from this brand again.,0
Very cheap feeling materials. Arrived damaged and unusable.,0
Misleading product listing. The real item is nothing like described. Very poor value.,0
I am extremely dissatisfied. This does not match the description at all. Extremely frustrating experience.,0
Complete waste of money. I would not recommend this to anyone. Save your money.,0
Misleading product listing. The real item is nothing like described.,0
Best purchase in a long time. Highly recommend to everyone.,1
Really impressed with how well this works. Excellent design. The quality surprised me.,1
Not worth the money at all. I regret buying this product.,0
Outstanding build quality. It has been working flawlessly for months. Very happy with the result.,1
Not worth the money at all. I regret buying this product.,0
Really impressed with how well this works. Excellent design. Easy to use and reliable.,1
Really bad quality. Instructions were unclear and it does not function.,0
Good quality product and fast shipping. Very pleased overall.,1
Five stars all the way. Best purchase I have made this year.,1
Very unhappy with this item. It stopped working after a single use.,0
Great value! Does exactly what the description says and more.,1
Do not buy this. It is a complete scam and waste of your money. Felt cheaply made.,0
Highly recommend this product. It solved my problem immediately.,1
Complete waste of money. I would not recommend this to anyone. Terrible experience.,0
Excellent quality for the price. I would definitely recommend to a friend. Exactly as described.,1
Broke immediately. Packaging was terrible and product was already cracked.,0
This exceeded my expectations in every way. Will buy again.,1
Five stars all the way. Best purchase I have made this year.,1
Terrible quality. Nothing like the pictures shown on the listing.,0
Good quality product and fast shipping. Very pleased overall. Really exceeded my expectations.,1
Really impressed with how well this works. Excellent design. Really good value.,1
This item is defective. I had to throw it away after one day. Would not recommend.,0
Very durable and well made. It looks even better in person. Really exceeded my expectations.,1
I am extremely dissatisfied. This does not match the description at all. Not as described.,0
Broke immediately. Packaging was terrible and product was already cracked.,0
Really bad quality. Instructions were unclear and it does not function. Never buying from this brand again.,0
Great value! Does exactly what the description says and more. I love it.,1
Five stars all the way. Best purchase I have made this year. Highly satisfied.,1
Total junk. Nothing works as advertised. Extremely frustrated.,0
Solid construction and comfortable to use. Worth every penny.,1
Very durable and well made. It looks even better in person. Shipping was very fast.,1
I love this item. It arrived quickly and the packaging was secure. I am impressed overall.,1
Total junk. Nothing works as advertised. Extremely frustrated. Not as described.,0
Zero stars if I could. Worst purchase I have ever made.,0
Very happy with this. It does everything I hoped it would. Really exceeded my expectations.,1
This product broke after just two days. Very disappointing. Never buying from this brand again.,0
Stopped working after one week. The build quality is very poor. Broke too quickly.,0
Zero stars if I could. Worst purchase I have ever made.,0
Very poor quality control. The item fell apart on the first use.,0
Terrible quality. Nothing like the pictures shown on the listing. Not as described.,0
This product broke after just two days. Very disappointing.,0
This product is absolutely fantastic and exceeded all my expectations. Very happy with the result.,1
Amazing product. The quality is top-notch and delivery was fast.,1
Complete waste of money. I would not recommend this to anyone. Save your money.,0
Best purchase in a long time. Highly recommend to everyone. Really good value.,1
This product broke after just two days. Very disappointing. Broke too quickly.,0
Very poor quality control. The item fell apart on the first use.,0
Zero stars if I could. Worst purchase I have ever made.,0
Great value! Does exactly what the description says and more.,1
Very durable and well made. It looks even better in person.,1
Very unhappy with this item. It stopped working after a single use. Never buying from this brand again.,0
Stopped working after one week. The build quality is very poor. Instructions were useless.,0
Very unhappy with this item. It stopped working after a single use.,0
This item is defective. I had to throw it away after one day.,0
"Best purchase in a long time. Highly recommend to everyone. Great product, great service.",1
Super easy to set up and use. Very satisfied with the results. I would buy this again.,1
Excellent quality for the price. I would definitely recommend to a friend. Works as advertised.,1
This item is defective. I had to throw it away after one day. Very poor value.,0
Very cheap feeling materials. Arrived damaged and unusable. Poor customer support.,0
This exceeded my expectations in every way. Will buy again. Really good value.,1
Highly recommend this product. It solved my problem immediately. Works great from day one.,1
Great value! Does exactly what the description says and more. Highly satisfied.,1
Perfect for what I needed. Great customer service too.,1
This product is absolutely fantastic and exceeded all my expectations. Exactly as described.,1
Very poor quality control. The item fell apart on the first use. Nothing worked correctly.,0
Complete waste of money. I would not recommend this to anyone.,0
Poor design and weak materials. Do not waste your money on this. Broke too quickly.,0
Really bad quality. Instructions were unclear and it does not function.,0
Zero stars if I could. Worst purchase I have ever made.,0
Do not buy this. It is a complete scam and waste of your money.,0
Good quality product and fast shipping. Very pleased overall. Works great from day one.,1
Do not buy this. It is a complete scam and waste of your money. Not as described.,0
Zero stars if I could. Worst purchase I have ever made. Very disappointing overall.,0
Excellent quality for the price. I would definitely recommend to a friend.,1
I am extremely dissatisfied. This does not match the description at all.,0
Outstanding build quality. It has been working flawlessly for months. Exactly as described.,1
Very poor quality control. The item fell apart on the first use. Felt cheaply made.,0
Terrible quality. Nothing like the pictures shown on the listing. Never buying from this brand again.,0
Very durable and well made. It looks even better in person. Exactly as described.,1
Best purchase in a long time. Highly recommend to everyone. Easy to use and reliable.,1
Terrible quality. Nothing like the pictures shown on the listing.,0
Stopped working after one week. The build quality is very poor. Would not recommend.,0
Very poor quality control. The item fell apart on the first use. Not as described.,0
This product broke after just two days. Very disappointing. Instructions were useless.,0
Wonderful product. Easy to use and very effective. Highly satisfied.,1
This item is defective. I had to throw it away after one day. Very disappointing overall.,0
I am very happy with this purchase. Works perfectly right out of the box.,1
Great value! Does exactly what the description says and more.,1
This product is absolutely fantastic and exceeded all my expectations.,1
Best purchase in a long time. Highly recommend to everyone. Works as advertised.,1
Very happy with this. It does everything I hoped it would.,1
This product is absolutely fantastic and exceeded all my expectations. Really exceeded my expectations.,1
Total junk. Nothing works as advertised. Extremely frustrated. Nothing worked correctly.,0
Very durable and well made. It looks even better in person. I love it.,1
This exceeded my expectations in every way. Will buy again. The quality surprised me.,1
Works exactly as advertised. I could not be happier with my order.,1
Awful product. Customer service was unhelpful when I tried to return it. Terrible experience.,0
I am extremely dissatisfied. This does not match the description at all. Broke too quickly.,0
Zero stars if I could. Worst purchase I have ever made.,0
This item is defective. I had to throw it away after one day. Extremely frustrating experience.,0
Good quality product and fast shipping. Very pleased overall. I would buy this again.,1
Very happy with this. It does everything I hoped it would.,1
This item is defective. I had to throw it away after one day.,0
This product is absolutely fantastic and exceeded all my expectations. I am impressed overall.,1
Very cheap feeling materials. Arrived damaged and unusable. Would not recommend.,0
Total junk. Nothing works as advertised. Extremely frustrated.,0
Very happy with this. It does everything I hoped it would.,1
Super easy to set up and use. Very satisfied with the results.,1
Total junk. Nothing works as advertised. Extremely frustrated.,0
Really impressed with how well this works. Excellent design. I would buy this again.,1
Very cheap feeling materials. Arrived damaged and unusable. Felt cheaply made.,0
Total junk. Nothing works as advertised. Extremely frustrated. Very disappointing overall.,0
Really impressed with how well this works. Excellent design.,1
Awful product. Customer service was unhelpful when I tried to return it. Not as described.,0
Excellent quality for the price. I would definitely recommend to a friend. Really good value.,1
Amazing product. The quality is top-notch and delivery was fast. Really exceeded my expectations.,1
Super easy to set up and use. Very satisfied with the results. Really good value.,1
Outstanding build quality. It has been working flawlessly for months. Really exceeded my expectations.,1
Outstanding build quality. It has been working flawlessly for months.,1
Best purchase in a long time. Highly recommend to everyone. Works great from day one.,1
Terrible quality. Nothing like the pictures shown on the listing.,0
Complete waste of money. I would not recommend this to anyone.,0
Amazing product. The quality is top-notch and delivery was fast.,1
Very happy with this. It does everything I hoped it would.,1
Returned immediately. The product is defective right out of the box. Instructions were useless.,0
Highly recommend this product. It solved my problem immediately. I am impressed overall.,1
This item is defective. I had to throw it away after one day.,0
Solid construction and comfortable to use. Worth every penny. I would buy this again.,1
Very happy with this. It does everything I hoped it would. I love it.,1
Great value! Does exactly what the description says and more. Really exceeded my expectations.,1
Very poor quality control. The item fell apart on the first use.,0
Very durable and well made. It looks even better in person. I would buy this again.,1
I am very happy with this purchase. Works perfectly right out of the box.,1
Total junk. Nothing works as advertised. Extremely frustrated. Complete waste of money.,0
Best purchase in a long time. Highly recommend to everyone. Easy to use and reliable.,1
Excellent quality for the price. I would definitely recommend to a friend.,1
Very unhappy with this item. It stopped working after a single use.,0
Broke immediately. Packaging was terrible and product was already cracked. Save your money.,0
Great value! Does exactly what the description says and more. Exactly as described.,1
Good quality product and fast shipping. Very pleased overall. Really exceeded my expectations.,1
This item is defective. I had to throw it away after one day. Extremely frustrating experience.,0
Awful product. Customer service was unhelpful when I tried to return it. Felt cheaply made.,0
Works exactly as advertised. I could not be happier with my order. I am impressed overall.,1
Solid construction and comfortable to use. Worth every penny.,1
Five stars all the way. Best purchase I have made this year. Highly satisfied.,1
Complete waste of money. I would not recommend this to anyone. Very poor value.,0
Complete waste of money. I would not recommend this to anyone. Nothing worked correctly.,0
I am extremely dissatisfied. This does not match the description at all. Nothing worked correctly.,0
Very durable and well made. It looks even better in person. Easy to use and reliable.,1
Total junk. Nothing works as advertised. Extremely frustrated.,0
Total junk. Nothing works as advertised. Extremely frustrated. Nothing worked correctly.,0
Works exactly as advertised. I could not be happier with my order. Works as advertised.,1
"I love this item. It arrived quickly and the packaging was secure. Great product, great service.",1
"This exceeded my expectations in every way. Will buy again. Great product, great service.",1
Five stars all the way. Best purchase I have made this year.,1
I am extremely dissatisfied. This does not match the description at all.,0
Outstanding build quality. It has been working flawlessly for months. I love it.,1
"Amazing product. The quality is top-notch and delivery was fast. Great product, great service.",1
Disappointed with the purchase. Quality is far below expectations. Save your money.,0
Disappointed with the purchase. Quality is far below expectations.,0
Highly recommend this product. It solved my problem immediately. The quality surprised me.,1
Do not buy this. It is a complete scam and waste of your money. Complete waste of money.,0
I am extremely dissatisfied. This does not match the description at all.,0
Great value! Does exactly what the description says and more.,1
Not worth the money at all. I regret buying this product.,0
Really impressed with how well this works. Excellent design. Works as advertised.,1
Stopped working after one week. The build quality is very poor. Complete waste of money.,0
Really bad quality. Instructions were unclear and it does not function. Terrible experience.,0
Really bad quality. Instructions were unclear and it does not function. Defective right away.,0
Do not buy this. It is a complete scam and waste of your money. Nothing worked correctly.,0
Solid construction and comfortable to use. Worth every penny. Really exceeded my expectations.,1
Perfect for what I needed. Great customer service too. Really exceeded my expectations.,1
Works exactly as advertised. I could not be happier with my order. Shipping was very fast.,1
This product broke after just two days. Very disappointing.,0
Returned immediately. The product is defective right out of the box.,0
Very poor quality control. The item fell apart on the first use. Broke too quickly.,0
This exceeded my expectations in every way. Will buy again. I would buy this again.,1
I am very happy with this purchase. Works perfectly right out of the box.,1
I am very happy with this purchase. Works perfectly right out of the box.,1
Amazing product. The quality is top-notch and delivery was fast. Really good value.,1
Perfect for what I needed. Great customer service too. Really exceeded my expectations.,1
This product broke after just two days. Very disappointing. Never buying from this brand again.,0
Stopped working after one week. The build quality is very poor.,0
Very cheap feeling materials. Arrived damaged and unusable.,0
Broke immediately. Packaging was terrible and product was already cracked.,0
Best purchase in a long time. Highly recommend to everyone.,1
Stopped working after one week. The build quality is very poor.,0
Returned immediately. The product is defective right out of the box. Complete waste of money.,0
I am extremely dissatisfied. This does not match the description at all. Felt cheaply made.,0
Complete waste of money. I would not recommend this to anyone. Broke too quickly.,0
Zero stars if I could. Worst purchase I have ever made.,0
Solid construction and comfortable to use. Worth every penny. Exactly as described.,1
Very unhappy with this item. It stopped working after a single use. Would not recommend.,0
I love this item. It arrived quickly and the packaging was secure. Shipping was very fast.,1
This product is absolutely fantastic and exceeded all my expectations. I love it.,1
Awful product. Customer service was unhelpful when I tried to return it.,0
This item is defective. I had to throw it away after one day. Would not recommend.,0
Broke immediately. Packaging was terrible and product was already cracked. Save your money.,0
Perfect for what I needed. Great customer service too. Works as advertised.,1
Very happy with this. It does everything I hoped it would. I love it.,1
Solid construction and comfortable to use. Worth every penny. Works as advertised.,1
Zero stars if I could. Worst purchase I have ever made.,0
Stopped working after one week. The build quality is very poor. Very poor value.,0
Very unhappy with this item. It stopped working after a single use. Felt cheaply made.,0
I am extremely dissatisfied. This does not match the description at all.,0
Great value! Does exactly what the description says and more.,1
"Very durable and well made. It looks even better in person. Great product, great service.",1
Awful product. Customer service was unhelpful when I tried to return it. Never buying from this brand again.,0
This product broke after just two days. Very disappointing.,0
Amazing product. The quality is top-notch and delivery was fast. No complaints at all.,1
"Super easy to set up and use. Very satisfied with the results. Great product, great service.",1
Five stars all the way. Best purchase I have made this year. Exactly as described.,1
Very unhappy with this item. It stopped working after a single use.,0
This item is defective. I had to throw it away after one day.,0
Not worth the money at all. I regret buying this product.,0
This product broke after just two days. Very disappointing. Terrible experience.,0
Best purchase in a long time. Highly recommend to everyone. Exactly as described.,1
Works exactly as advertised. I could not be happier with my order. Easy to use and reliable.,1
Good quality product and fast shipping. Very pleased overall. I love it.,1
Very unhappy with this item. It stopped working after a single use. Save your money.,0
Zero stars if I could. Worst purchase I have ever made. Not as described.,0
Highly recommend this product. It solved my problem immediately. Exactly as described.,1
Excellent quality for the price. I would definitely recommend to a friend. Exactly as described.,1
Excellent quality for the price. I would definitely recommend to a friend. I am impressed overall.,1
Poor design and weak materials. Do not waste your money on this.,0
Perfect for what I needed. Great customer service too. Easy to use and reliable.,1
Outstanding build quality. It has been working flawlessly for months. Shipping was very fast.,1
Really impressed with how well this works. Excellent design. Really good value.,1
Really impressed with how well this works. Excellent design. I would buy this again.,1
Highly recommend this product. It solved my problem immediately. Exactly as described.,1
Works exactly as advertised. I could not be happier with my order. Really exceeded my expectations.,1
Amazing product. The quality is top-notch and delivery was fast. Works as advertised.,1
This product is absolutely fantastic and exceeded all my expectations.,1
Terrible quality. Nothing like the pictures shown on the listing. Instructions were useless.,0
Really bad quality. Instructions were unclear and it does not function.,0
Best purchase in a long time. Highly recommend to everyone. I would buy this again.,1
Very durable and well made. It looks even better in person.,1
"Wonderful product. Easy to use and very effective. Great product, great service.",1
This item is defective. I had to throw it away after one day.,0
Very cheap feeling materials. Arrived damaged and unusable.,0
I am very happy with this purchase. Works perfectly right out of the box. I am impressed overall.,1
Stopped working after one week. The build quality is very poor. Instructions were useless.,0
Complete waste of money. I would not recommend this to anyone. Nothing worked correctly.,0
Wonderful product. Easy to use and very effective.,1
Very poor quality control. The item fell apart on the first use. Never buying from this brand again.,0
Disappointed with the purchase. Quality is far below expectations. Would not recommend.,0
Best purchase in a long time. Highly recommend to everyone.,1
Really bad quality. Instructions were unclear and it does not function.,0
Complete waste of money. I would not recommend this to anyone. Terrible experience.,0
Highly recommend this product. It solved my problem immediately.,1
Not worth the money at all. I regret buying this product.,0
Really impressed with how well this works. Excellent design. I would buy this again.,1
Really bad quality. Instructions were unclear and it does not function. Extremely frustrating experience.,0
Stopped working after one week. The build quality is very poor.,0
Outstanding build quality. It has been working flawlessly for months. Easy to use and reliable.,1
Solid construction and comfortable to use. Worth every penny.,1
Stopped working after one week. The build quality is very poor. Terrible experience.,0
Broke immediately. Packaging was terrible and product was already cracked. Terrible experience.,0
"Very durable and well made. It looks even better in person. Great product, great service.",1
I love this item. It arrived quickly and the packaging was secure. Highly satisfied.,1
This item is defective. I had to throw it away after one day.,0
Works exactly as advertised. I could not be happier with my order.,1
Great value! Does exactly what the description says and more. Works great from day one.,1
Poor design and weak materials. Do not waste your money on this. Broke too quickly.,0
Complete waste of money. I would not recommend this to anyone.,0
Misleading product listing. The real item is nothing like described.,0
Great value! Does exactly what the description says and more.,1
Great value! Does exactly what the description says and more. No complaints at all.,1
Really impressed with how well this works. Excellent design.,1
Perfect for what I needed. Great customer service too.,1
Five stars all the way. Best purchase I have made this year. I love it.,1
Outstanding build quality. It has been working flawlessly for months.,1
Excellent quality for the price. I would definitely recommend to a friend. I am impressed overall.,1
I am very happy with this purchase. Works perfectly right out of the box. Works great from day one.,1
This exceeded my expectations in every way. Will buy again. The quality surprised me.,1
Perfect for what I needed. Great customer service too. I would buy this again.,1
Not worth the money at all. I regret buying this product. Not as described.,0
Five stars all the way. Best purchase I have made this year.,1
I am extremely dissatisfied. This does not match the description at all. Terrible experience.,0
Outstanding build quality. It has been working flawlessly for months. Highly satisfied.,1
Great value! Does exactly what the description says and more. I love it.,1
Excellent quality for the price. I would definitely recommend to a friend. Really exceeded my expectations.,1
Very happy with this. It does everything I hoped it would. Really exceeded my expectations.,1
Very unhappy with this item. It stopped working after a single use. Broke too quickly.,0
This product broke after just two days. Very disappointing. Would not recommend.,0
Terrible quality. Nothing like the pictures shown on the listing. Complete waste of money.,0
Really impressed with how well this works. Excellent design. No complaints at all.,1
Misleading product listing. The real item is nothing like described. Broke too quickly.,0
Misleading product listing. The real item is nothing like described. Save your money.,0
Outstanding build quality. It has been working flawlessly for months. I love it.,1
Awful product. Customer service was unhelpful when I tried to return it. Instructions were useless.,0
Outstanding build quality. It has been working flawlessly for months.,1
Works exactly as advertised. I could not be happier with my order.,1
Perfect for what I needed. Great customer service too.,1
I am very happy with this purchase. Works perfectly right out of the box.,1
This item is defective. I had to throw it away after one day.,0
Wonderful product. Easy to use and very effective.,1
"Good quality product and fast shipping. Very pleased overall. Great product, great service.",1
Stopped working after one week. The build quality is very poor. Complete waste of money.,0
Perfect for what I needed. Great customer service too. Easy to use and reliable.,1
Broke immediately. Packaging was terrible and product was already cracked. Broke too quickly.,0
Wonderful product. Easy to use and very effective.,1
"Good quality product and fast shipping. Very pleased overall. Great product, great service.",1
This item is defective. I had to throw it away after one day. Extremely frustrating experience.,0
Returned immediately. The product is defective right out of the box.,0
Very unhappy with this item. It stopped working after a single use. Defective right away.,0
Perfect for what I needed. Great customer service too. No complaints at all.,1
Best purchase in a long time. Highly recommend to everyone. I love it.,1
Returned immediately. The product is defective right out of the box. Poor customer support.,0
I love this item. It arrived quickly and the packaging was secure.,1
Very poor quality control. The item fell apart on the first use.,0
Good quality product and fast shipping. Very pleased overall.,1
This product broke after just two days. Very disappointing. Not as described.,0
Very unhappy with this item. It stopped working after a single use.,0
Best purchase in a long time. Highly recommend to everyone.,1
Amazing product. The quality is top-notch and delivery was fast. I am impressed overall.,1
Best purchase in a long time. Highly recommend to everyone. I would buy this again.,1
This exceeded my expectations in every way. Will buy again. Exactly as described.,1
Broke immediately. Packaging was terrible and product was already cracked. Complete waste of money.,0
Zero stars if I could. Worst purchase I have ever made.,0
Very unhappy with this item. It stopped working after a single use.,0
Very poor quality control. The item fell apart on the first use. Felt cheaply made.,0
Excellent quality for the price. I would definitely recommend to a friend. Shipping was very fast.,1
Disappointed with the purchase. Quality is far below expectations. Would not recommend.,0
Very cheap feeling materials. Arrived damaged and unusable. Very disappointing overall.,0
Very durable and well made. It looks even better in person. Really exceeded my expectations.,1
Outstanding build quality. It has been working flawlessly for months. I would buy this again.,1
This product broke after just two days. Very disappointing. Felt cheaply made.,0
Really bad quality. Instructions were unclear and it does not function.,0
Perfect for what I needed. Great customer service too. Works great from day one.,1
Disappointed with the purchase. Quality is far below expectations. Complete waste of money.,0
Disappointed with the purchase. Quality is far below expectations. Instructions were useless.,0
I am extremely dissatisfied. This does not match the description at all. Poor customer support.,0
Really impressed with how well this works. Excellent design.,1
Broke immediately. Packaging was terrible and product was already cracked. Very disappointing overall.,0
Wonderful product. Easy to use and very effective. Shipping was very fast.,1
Do not buy this. It is a complete scam and waste of your money. Terrible experience.,0
Terrible quality. Nothing like the pictures shown on the listing. Extremely frustrating experience.,0
This item is defective. I had to throw it away after one day. Broke too quickly.,0
Awful product. Customer service was unhelpful when I tried to return it.,0
Really impressed with how well this works. Excellent design.,1
Total junk. Nothing works as advertised. Extremely frustrated. Very disappointing overall.,0
Highly recommend this product. It solved my problem immediately. No complaints at all.,1
Really impressed with how well this works. Excellent design. The quality surprised me.,1
Complete waste of money. I would not recommend this to anyone.,0
Very happy with this. It does everything I hoped it would.,1
I love this item. It arrived quickly and the packaging was secure. I am impressed overall.,1
Very poor quality control. The item fell apart on the first use.,0
Great value! Does exactly what the description says and more.,1
Zero stars if I could. Worst purchase I have ever made. Broke too quickly.,0
Complete waste of money. I would not recommend this to anyone. Never buying from this brand again.,0
Solid construction and comfortable to use. Worth every penny. Highly satisfied.,1
Best purchase in a long time. Highly recommend to everyone. Exactly as described.,1
Highly recommend this product. It solved my problem immediately. No complaints at all.,1
Broke immediately. Packaging was terrible and product was already cracked. Very disappointing overall.,0
Broke immediately. Packaging was terrible and product was already cracked.,0
Best purchase in a long time. Highly recommend to everyone. Highly satisfied.,1
Complete waste of money. I would not recommend this to anyone.,0
Very unhappy with this item. It stopped working after a single use. Complete waste of money.,0
"Five stars all the way. Best purchase I have made this year. Great product, great service.",1
Terrible quality. Nothing like the pictures shown on the listing.,0
Very durable and well made. It looks even better in person. Shipping was very fast.,1
Awful product. Customer service was unhelpful when I tried to return it.,0
Returned immediately. The product is defective right out of the box. Felt cheaply made.,0
Awful product. Customer service was unhelpful when I tried to return it. Poor customer support.,0
Very unhappy with this item. It stopped working after a single use. Felt cheaply made.,0
I am extremely dissatisfied. This does not match the description at all. Terrible experience.,0
Very cheap feeling materials. Arrived damaged and unusable. Save your money.,0
Terrible quality. Nothing like the pictures shown on the listing. Instructions were useless.,0
Very cheap feeling materials. Arrived damaged and unusable. Instructions were useless.,0
Works exactly as advertised. I could not be happier with my order. Exactly as described.,1
Complete waste of money. I would not recommend this to anyone. Defective right away.,0
Super easy to set up and use. Very satisfied with the results. Really exceeded my expectations.,1
Works exactly as advertised. I could not be happier with my order. I love it.,1
Broke immediately. Packaging was terrible and product was already cracked. Complete waste of money.,0
I love this item. It arrived quickly and the packaging was secure. No complaints at all.,1
Very poor quality control. The item fell apart on the first use.,0
I am very happy with this purchase. Works perfectly right out of the box.,1
Very durable and well made. It looks even better in person. No complaints at all.,1
I love this item. It arrived quickly and the packaging was secure.,1
Terrible quality. Nothing like the pictures shown on the listing.,0
I am extremely dissatisfied. This does not match the description at all. Very disappointing overall.,0
Outstanding build quality. It has been working flawlessly for months.,1
Very cheap feeling materials. Arrived damaged and unusable. Terrible experience.,0
Broke immediately. Packaging was terrible and product was already cracked. Defective right away.,0
I am extremely dissatisfied. This does not match the description at all. Defective right away.,0
Very happy with this. It does everything I hoped it would.,1
Terrible quality. Nothing like the pictures shown on the listing.,0
I am extremely dissatisfied. This does not match the description at all.,0
Good quality product and fast shipping. Very pleased overall. Very happy with the result.,1
Returned immediately. The product is defective right out of the box. Poor customer support.,0
Stopped working after one week. The build quality is very poor. Save your money.,0
Amazing product. The quality is top-notch and delivery was fast.,1
Super easy to set up and use. Very satisfied with the results.,1
I am very happy with this purchase. Works perfectly right out of the box.,1
Misleading product listing. The real item is nothing like described. Nothing worked correctly.,0
This exceeded my expectations in every way. Will buy again.,1
This item is defective. I had to throw it away after one day. Would not recommend.,0
Zero stars if I could. Worst purchase I have ever made. Felt cheaply made.,0
Really bad quality. Instructions were unclear and it does not function.,0
"Very happy with this. It does everything I hoped it would. Great product, great service.",1
Complete waste of money. I would not recommend this to anyone. Very disappointing overall.,0
Poor design and weak materials. Do not waste your money on this. Would not recommend.,0
Stopped working after one week. The build quality is very poor. Felt cheaply made.,0
Super easy to set up and use. Very satisfied with the results.,1
This exceeded my expectations in every way. Will buy again.,1
This product broke after just two days. Very disappointing. Felt cheaply made.,0
Really impressed with how well this works. Excellent design. No complaints at all.,1
Poor design and weak materials. Do not waste your money on this.,0
Amazing product. The quality is top-notch and delivery was fast.,1
Not worth the money at all. I regret buying this product. Very disappointing overall.,0
I am extremely dissatisfied. This does not match the description at all. Felt cheaply made.,0
Wonderful product. Easy to use and very effective. Easy to use and reliable.,1
Highly recommend this product. It solved my problem immediately. Works as advertised.,1
This item is defective. I had to throw it away after one day.,0
Amazing product. The quality is top-notch and delivery was fast.,1
Misleading product listing. The real item is nothing like described. Broke too quickly.,0
Stopped working after one week. The build quality is very poor.,0
Very cheap feeling materials. Arrived damaged and unusable. Defective right away.,0
Great value! Does exactly what the description says and more.,1
Wonderful product. Easy to use and very effective. Works great from day one.,1
Good quality product and fast shipping. Very pleased overall.,1
Very unhappy with this item. It stopped working after a single use.,0
Zero stars if I could. Worst purchase I have ever made.,0
Very happy with this. It does everything I hoped it would. Really exceeded my expectations.,1
Poor design and weak materials. Do not waste your money on this.,0
Five stars all the way. Best purchase I have made this year.,1
Best purchase in a long time. Highly recommend to everyone. The quality surprised me.,1
Do not buy this. It is a complete scam and waste of your money. Save your money.,0
Disappointed with the purchase. Quality is far below expectations.,0
I am very happy with this purchase. Works perfectly right out of the box.,1
Returned immediately. The product is defective right out of the box.,0
Not worth the money at all. I regret buying this product. Save your money.,0
Really impressed with how well this works. Excellent design.,1
Very happy with this. It does everything I hoped it would.,1
Terrible quality. Nothing like the pictures shown on the listing. Defective right away.,0
Amazing product. The quality is top-notch and delivery was fast. Shipping was very fast.,1
Terrible quality. Nothing like the pictures shown on the listing. Extremely frustrating experience.,0
Amazing product. The quality is top-notch and delivery was fast.,1
Very poor quality control. The item fell apart on the first use. Extremely frustrating experience.,0
Solid construction and comfortable to use. Worth every penny.,1
Returned immediately. The product is defective right out of the box.,0
This item is defective. I had to throw it away after one day. Broke too quickly.,0
Wonderful product. Easy to use and very effective.,1
Very durable and well made. It looks even better in person. The quality surprised me.,1
Wonderful product. Easy to use and very effective. No complaints at all.,1
Very cheap feeling materials. Arrived damaged and unusable. Not as described.,0
Best purchase in a long time. Highly recommend to everyone.,1
Excellent quality for the price. I would definitely recommend to a friend. I love it.,1
I am extremely dissatisfied. This does not match the description at all.,0
Really impressed with how well this works. Excellent design. Highly satisfied.,1
Perfect for what I needed. Great customer service too. Very happy with the result.,1
This exceeded my expectations in every way. Will buy again. Works great from day one.,1
Very cheap feeling materials. Arrived damaged and unusable.,0
Works exactly as advertised. I could not be happier with my order.,1
Highly recommend this product. It solved my problem immediately. Really good value.,1
Disappointed with the purchase. Quality is far below expectations.,0
Outstanding build quality. It has been working flawlessly for months.,1
Really bad quality. Instructions were unclear and it does not function. Terrible experience.,0
Highly recommend this product. It solved my problem immediately.,1
I am very happy with this purchase. Works perfectly right out of the box.,1
Really bad quality. Instructions were unclear and it does not function.,0
Complete waste of money. I would not recommend this to anyone. Nothing worked correctly.,0
Terrible quality. Nothing like the pictures shown on the listing. Instructions were useless.,0
Misleading product listing. The real item is nothing like described. Terrible experience.,0
Very unhappy with this item. It stopped working after a single use. Very disappointing overall.,0
Complete waste of money. I would not recommend this to anyone. Very disappointing overall.,0
Misleading product listing. The real item is nothing like described. Defective right away.,0
Broke immediately. Packaging was terrible and product was already cracked.,0
Works exactly as advertised. I could not be happier with my order. No complaints at all.,1
Terrible quality. Nothing like the pictures shown on the listing.,0
Perfect for what I needed. Great customer service too.,1
This item is defective. I had to throw it away after one day. Would not recommend.,0
Excellent quality for the price. I would definitely recommend to a friend. I am impressed overall.,1
Amazing product. The quality is top-notch and delivery was fast. The quality surprised me.,1
Super easy to set up and use. Very satisfied with the results. Highly satisfied.,1
I am very happy with this purchase. Works perfectly right out of the box.,1
Outstanding build quality. It has been working flawlessly for months. Really exceeded my expectations.,1
Do not buy this. It is a complete scam and waste of your money. Very poor value.,0
Five stars all the way. Best purchase I have made this year. Easy to use and reliable.,1
Returned immediately. The product is defective right out of the box. Complete waste of money.,0
Very unhappy with this item. It stopped working after a single use. Extremely frustrating experience.,0
Complete waste of money. I would not recommend this to anyone.,0
Really bad quality. Instructions were unclear and it does not function.,0
Disappointed with the purchase. Quality is far below expectations. Poor customer support.,0
Total junk. Nothing works as advertised. Extremely frustrated.,0
Very poor quality control. The item fell apart on the first use. Complete waste of money.,0
Do not buy this. It is a complete scam and waste of your money.,0
Works exactly as advertised. I could not be happier with my order.,1
Very poor quality control. The item fell apart on the first use.,0
This item is defective. I had to throw it away after one day. Defective right away.,0
Complete waste of money. I would not recommend this to anyone. Would not recommend.,0
Really bad quality. Instructions were unclear and it does not function.,0
Stopped working after one week. The build quality is very poor.,0
Terrible quality. Nothing like the pictures shown on the listing.,0
Awful product. Customer service was unhelpful when I tried to return it. Extremely frustrating experience.,0
Misleading product listing. The real item is nothing like described. Save your money.,0
Good quality product and fast shipping. Very pleased overall. Highly satisfied.,1
Returned immediately. The product is defective right out of the box. Complete waste of money.,0
Really bad quality. Instructions were unclear and it does not function. Instructions were useless.,0
Misleading product listing. The real item is nothing like described. Would not recommend.,0
This item is defective. I had to throw it away after one day.,0
Amazing product. The quality is top-notch and delivery was fast.,1
Very durable and well made. It looks even better in person. Shipping was very fast.,1
Awful product. Customer service was unhelpful when I tried to return it. Extremely frustrating experience.,0
Complete waste of money. I would not recommend this to anyone.,0
Super easy to set up and use. Very satisfied with the results.,1
This product broke after just two days. Very disappointing. Terrible experience.,0
Misleading product listing. The real item is nothing like described.,0
Very happy with this. It does everything I hoped it would. Easy to use and reliable.,1
I am very happy with this purchase. Works perfectly right out of the box. Really exceeded my expectations.,1
Really impressed with how well this works. Excellent design.,1
Very cheap feeling materials. Arrived damaged and unusable.,0
Do not buy this. It is a complete scam and waste of your money. Not as described.,0
Very poor quality control. The item fell apart on the first use. Very poor value.,0
Do not buy this. It is a complete scam and waste of your money. Complete waste of money.,0
Awful product. Customer service was unhelpful when I tried to return it. Very poor value.,0
Awful product. Customer service was unhelpful when I tried to return it. Terrible experience.,0
Terrible quality. Nothing like the pictures shown on the listing. Complete waste of money.,0
Do not buy this. It is a complete scam and waste of your money.,0
I am extremely dissatisfied. This does not match the description at all. Instructions were useless.,0
Total junk. Nothing works as advertised. Extremely frustrated.,0
Disappointed with the purchase. Quality is far below expectations.,0
Terrible quality. Nothing like the pictures shown on the listing.,0
This item is defective. I had to throw it away after one day. Very poor value.,0
Awful product. Customer service was unhelpful when I tried to return it.,0
Do not buy this. It is a complete scam and waste of your money. Terrible experience.,0
Perfect for what I needed. Great customer service too. I would buy this again.,1
Super easy to set up and use. Very satisfied with the results.,1
Misleading product listing. The real item is nothing like described.,0
Stopped working after one week. The build quality is very poor. Very poor value.,0
Really impressed with how well this works. Excellent design.,1
Great value! Does exactly what the description says and more. Works as advertised.,1
Great value! Does exactly what the description says and more.,1
Not worth the money at all. I regret buying this product. Would not recommend.,0
Disappointed with the purchase. Quality is far below expectations. Would not recommend.,0
This item is defective. I had to throw it away after one day.,0
I am extremely dissatisfied. This does not match the description at all. Very poor value.,0
Wonderful product. Easy to use and very effective. Shipping was very fast.,1
Stopped working after one week. The build quality is very poor.,0
Works exactly as advertised. I could not be happier with my order. Works great from day one.,1
Complete waste of money. I would not recommend this to anyone. Instructions were useless.,0
Very unhappy with this item. It stopped working after a single use.,0
Amazing product. The quality is top-notch and delivery was fast.,1
Very unhappy with this item. It stopped working after a single use.,0
Really bad quality. Instructions were unclear and it does not function.,0
Best purchase in a long time. Highly recommend to everyone. I am impressed overall.,1
Do not buy this. It is a complete scam and waste of your money.,0
Super easy to set up and use. Very satisfied with the results. Very happy with the result.,1
Disappointed with the purchase. Quality is far below expectations.,0
Solid construction and comfortable to use. Worth every penny. Easy to use and reliable.,1
Returned immediately. The product is defective right out of the box. Nothing worked correctly.,0
I love this item. It arrived quickly and the packaging was secure.,1
Outstanding build quality. It has been working flawlessly for months. Highly satisfied.,1
Disappointed with the purchase. Quality is far below expectations. Would not recommend.,0
Very unhappy with this item. It stopped working after a single use. Defective right away.,0
Poor design and weak materials. Do not waste your money on this.,0
Outstanding build quality. It has been working flawlessly for months. No complaints at all.,1
Misleading product listing. The real item is nothing like described.,0
Not worth the money at all. I regret buying this product. Never buying from this brand again.,0
Outstanding build quality. It has been working flawlessly for months. Works as advertised.,1
Great value! Does exactly what the description says and more. Exactly as described.,1
Great value! Does exactly what the description says and more. No complaints at all.,1
Outstanding build quality. It has been working flawlessly for months. The quality surprised me.,1
Great value! Does exactly what the description says and more. Works as advertised.,1
Works exactly as advertised. I could not be happier with my order.,1
Really bad quality. Instructions were unclear and it does not function. Never buying from this brand again.,0
Really bad quality. Instructions were unclear and it does not function.,0
Really bad quality. Instructions were unclear and it does not function.,0
Disappointed with the purchase. Quality is far below expectations.,0
Highly recommend this product. It solved my problem immediately. No complaints at all.,1
Returned immediately. The product is defective right out of the box.,0
Perfect for what I needed. Great customer service too. Highly satisfied.,1
Stopped working after one week. The build quality is very poor. Defective right away.,0
Wonderful product. Easy to use and very effective.,1
Total junk. Nothing works as advertised. Extremely frustrated. Poor customer support.,0
This exceeded my expectations in every way. Will buy again.,1
I am very happy with this purchase. Works perfectly right out of the box.,1
Perfect for what I needed. Great customer service too. Works as advertised.,1
This product is absolutely fantastic and exceeded all my expectations. Really exceeded my expectations.,1
Broke immediately. Packaging was terrible and product was already cracked. Extremely frustrating experience.,0
Not worth the money at all. I regret buying this product.,0
Excellent quality for the price. I would definitely recommend to a friend. Shipping was very fast.,1
This exceeded my expectations in every way. Will buy again. Shipping was very fast.,1
Very cheap feeling materials. Arrived damaged and unusable. Complete waste of money.,0
Stopped working after one week. The build quality is very poor. Poor customer support.,0
I am very happy with this purchase. Works perfectly right out of the box. Works great from day one.,1
Really impressed with how well this works. Excellent design. Easy to use and reliable.,1
Great value! Does exactly what the description says and more.,1
Five stars all the way. Best purchase I have made this year.,1
Awful product. Customer service was unhelpful when I tried to return it. Instructions were useless.,0
Good quality product and fast shipping. Very pleased overall. Works as advertised.,1
Complete waste of money. I would not recommend this to anyone. Would not recommend.,0
Best purchase in a long time. Highly recommend to everyone.,1
Zero stars if I could. Worst purchase I have ever made. Never buying from this brand again.,0
Do not buy this. It is a complete scam and waste of your money.,0
Solid construction and comfortable to use. Worth every penny. Works as advertised.,1
Excellent quality for the price. I would definitely recommend to a friend. Easy to use and reliable.,1
Highly recommend this product. It solved my problem immediately. Really exceeded my expectations.,1
I am extremely dissatisfied. This does not match the description at all.,0
Great value! Does exactly what the description says and more. I would buy this again.,1
I am very happy with this purchase. Works perfectly right out of the box. Works as advertised.,1
Very cheap feeling materials. Arrived damaged and unusable. Extremely frustrating experience.,0
Do not buy this. It is a complete scam and waste of your money.,0
Disappointed with the purchase. Quality is far below expectations. Poor customer support.,0
Misleading product listing. The real item is nothing like described. Felt cheaply made.,0
Solid construction and comfortable to use. Worth every penny. No complaints at all.,1
Total junk. Nothing works as advertised. Extremely frustrated. Instructions were useless.,0
Awful product. Customer service was unhelpful when I tried to return it.,0
Best purchase in a long time. Highly recommend to everyone. Shipping was very fast.,1
Very cheap feeling materials. Arrived damaged and unusable.,0
Best purchase in a long time. Highly recommend to everyone.,1
Awful product. Customer service was unhelpful when I tried to return it.,0
Wonderful product. Easy to use and very effective. I would buy this again.,1
Zero stars if I could. Worst purchase I have ever made. Poor customer support.,0
Very cheap feeling materials. Arrived damaged and unusable. Save your money.,0
I love this item. It arrived quickly and the packaging was secure. The quality surprised me.,1
Good quality product and fast shipping. Very pleased overall. I would buy this again.,1
Wonderful product. Easy to use and very effective.,1
I am very happy with this purchase. Works perfectly right out of the box. Easy to use and reliable.,1
Highly recommend this product. It solved my problem immediately. Highly satisfied.,1
Wonderful product. Easy to use and very effective. Shipping was very fast.,1
Very unhappy with this item. It stopped working after a single use.,0
This exceeded my expectations in every way. Will buy again. Easy to use and reliable.,1
This exceeded my expectations in every way. Will buy again. Highly satisfied.,1
Do not buy this. It is a complete scam and waste of your money. Instructions were useless.,0
Best purchase in a long time. Highly recommend to everyone. Works as advertised.,1
Awful product. Customer service was unhelpful when I tried to return it. Not as described.,0
Works exactly as advertised. I could not be happier with my order. No complaints at all.,1
Total junk. Nothing works as advertised. Extremely frustrated.,0
I am extremely dissatisfied. This does not match the description at all. Terrible experience.,0
Complete waste of money. I would not recommend this to anyone.,0
Not worth the money at all. I regret buying this product.,0
Disappointed with the purchase. Quality is far below expectations.,0
Perfect for what I needed. Great customer service too. No complaints at all.,1
Terrible quality. Nothing like the pictures shown on the listing. Not as described.,0
Works exactly as advertised. I could not be happier with my order. Easy to use and reliable.,1
Misleading product listing. The real item is nothing like described. Poor customer support.,0
This exceeded my expectations in every way. Will buy again.,1
Solid construction and comfortable to use. Worth every penny.,1
This product is absolutely fantastic and exceeded all my expectations.,1
Five stars all the way. Best purchase I have made this year. Works great from day one.,1
Awful product. Customer service was unhelpful when I tried to return it. Complete waste of money.,0
I love this item. It arrived quickly and the packaging was secure.,1
Best purchase in a long time. Highly recommend to everyone. Really good value.,1
Very durable and well made. It looks even better in person.,1
Do not buy this. It is a complete scam and waste of your money.,0
Returned immediately. The product is defective right out of the box.,0
Returned immediately. The product is defective right out of the box. Would not recommend.,0
Total junk. Nothing works as advertised. Extremely frustrated.,0
I love this item. It arrived quickly and the packaging was secure.,1
Returned immediately. The product is defective right out of the box. Extremely frustrating experience.,0
Broke immediately. Packaging was terrible and product was already cracked. Complete waste of money.,0
Very poor quality control. The item fell apart on the first use. Save your money.,0
Really bad quality. Instructions were unclear and it does not function. Very poor value.,0
Zero stars if I could. Worst purchase I have ever made. Extremely frustrating experience.,0
Complete waste of money. I would not recommend this to anyone. Defective right away.,0
Very poor quality control. The item fell apart on the first use. Extremely frustrating experience.,0
Super easy to set up and use. Very satisfied with the results.,1
Perfect for what I needed. Great customer service too.,1
Very happy with this. It does everything I hoped it would.,1
Wonderful product. Easy to use and very effective. Works as advertised.,1
Not worth the money at all. I regret buying this product.,0
Returned immediately. The product is defective right out of the box.,0
Very cheap feeling materials. Arrived damaged and unusable. Felt cheaply made.,0
Terrible quality. Nothing like the pictures shown on the listing. Nothing worked correctly.,0
"Excellent quality for the price. I would definitely recommend to a friend. Great product, great service.",1
Poor design and weak materials. Do not waste your money on this. Felt cheaply made.,0
This exceeded my expectations in every way. Will buy again.,1
This product is absolutely fantastic and exceeded all my expectations.,1
Very cheap feeling materials. Arrived damaged and unusable.,0
Five stars all the way. Best purchase I have made this year.,1
Works exactly as advertised. I could not be happier with my order. Really good value.,1
Outstanding build quality. It has been working flawlessly for months. Really good value.,1
Super easy to set up and use. Very satisfied with the results.,1
This exceeded my expectations in every way. Will buy again. Exactly as described.,1
Super easy to set up and use. Very satisfied with the results. I am impressed overall.,1
Really bad quality. Instructions were unclear and it does not function. Save your money.,0
Outstanding build quality. It has been working flawlessly for months.,1
Good quality product and fast shipping. Very pleased overall. I am impressed overall.,1
Amazing product. The quality is top-notch and delivery was fast.,1
Very durable and well made. It looks even better in person.,1
Awful product. Customer service was unhelpful when I tried to return it. Would not recommend.,0
I am extremely dissatisfied. This does not match the description at all. Save your money.,0
Terrible quality. Nothing like the pictures shown on the listing. Poor customer support.,0
Stopped working after one week. The build quality is very poor. Save your money.,0
Best purchase in a long time. Highly recommend to everyone. Easy to use and reliable.,1
I am extremely dissatisfied. This does not match the description at all. Poor customer support.,0
Broke immediately. Packaging was terrible and product was already cracked. Not as described.,0
This product broke after just two days. Very disappointing. Instructions were useless.,0
Very happy with this. It does everything I hoped it would. Easy to use and reliable.,1
Disappointed with the purchase. Quality is far below expectations.,0
Best purchase in a long time. Highly recommend to everyone. I would buy this again.,1
This product is absolutely fantastic and exceeded all my expectations. I am impressed overall.,1
Five stars all the way. Best purchase I have made this year. Works as advertised.,1
This item is defective. I had to throw it away after one day.,0
Super easy to set up and use. Very satisfied with the results. Really exceeded my expectations.,1
Amazing product. The quality is top-notch and delivery was fast. Exactly as described.,1
I am extremely dissatisfied. This does not match the description at all. Instructions were useless.,0
Very cheap feeling materials. Arrived damaged and unusable. Extremely frustrating experience.,0
Best purchase in a long time. Highly recommend to everyone.,1
Misleading product listing. The real item is nothing like described.,0
Five stars all the way. Best purchase I have made this year. I am impressed overall.,1
Poor design and weak materials. Do not waste your money on this. Save your money.,0
Amazing product. The quality is top-notch and delivery was fast.,1
Super easy to set up and use. Very satisfied with the results. No complaints at all.,1
Very happy with this. It does everything I hoped it would.,1
Super easy to set up and use. Very satisfied with the results.,1
Very unhappy with this item. It stopped working after a single use.,0
Really impressed with how well this works. Excellent design. I love it.,1
Very cheap feeling materials. Arrived damaged and unusable.,0
Excellent quality for the price. I would definitely recommend to a friend. Very happy with the result.,1
Best purchase in a long time. Highly recommend to everyone. I am impressed overall.,1
Stopped working after one week. The build quality is very poor.,0
Perfect for what I needed. Great customer service too. Really good value.,1
Outstanding build quality. It has been working flawlessly for months.,1
Very cheap feeling materials. Arrived damaged and unusable.,0
Very cheap feeling materials. Arrived damaged and unusable.,0
Super easy to set up and use. Very satisfied with the results.,1
Good quality product and fast shipping. Very pleased overall. Really good value.,1
Zero stars if I could. Worst purchase I have ever made. Nothing worked correctly.,0
I am extremely dissatisfied. This does not match the description at all. Broke too quickly.,0
Great value! Does exactly what the description says and more. I love it.,1
Very unhappy with this item. It stopped working after a single use. Very disappointing overall.,0
Really impressed with how well this works. Excellent design. I am impressed overall.,1
Terrible quality. Nothing like the pictures shown on the listing.,0
Disappointed with the purchase. Quality is far below expectations. Complete waste of money.,0
Works exactly as advertised. I could not be happier with my order.,1
Very cheap feeling materials. Arrived damaged and unusable. Nothing worked correctly.,0
Very happy with this. It does everything I hoped it would.,1
Returned immediately. The product is defective right out of the box. Never buying from this brand again.,0
Outstanding build quality. It has been working flawlessly for months. I love it.,1
Excellent quality for the price. I would definitely recommend to a friend. No complaints at all.,1
This item is defective. I had to throw it away after one day.,0
This item is defective. I had to throw it away after one day. Never buying from this brand again.,0
Misleading product listing. The real item is nothing like described. Very poor value.,0
I am extremely dissatisfied. This does not match the description at all. Save your money.,0
Total junk. Nothing works as advertised. Extremely frustrated.,0
Returned immediately. The product is defective right out of the box. Defective right away.,0
Best purchase in a long time. Highly recommend to everyone. I love it.,1
Poor design and weak materials. Do not waste your money on this.,0
Zero stars if I could. Worst purchase I have ever made. Felt cheaply made.,0
